{"type": "FeatureCollection", "features": [{"type": "Feature", "geometry": {"type": "LineString", "coordinates": [[2.782354, 48.869911], [2.782155, 48.868763], [2.781759, 48.867023], [2.781603, 48.866074], [2.781502, 48.865551], [2.78091, 48.862038], [2.780857, 48.861771], [2.780767, 48.861385], [2.780722, 48.861221], [2.780531, 48.860733], [2.780257, 48.86021], [2.780088, 48.85994], [2.779888, 48.859676], [2.779747, 48.859501], [2.779422, 48.859135], [2.779176, 48.858883], [2.778901, 48.858646], [2.778585, 48.858398], [2.778271, 48.858162], [2.777577, 48.857731], [2.777205, 48.857513], [2.776871, 48.857334], [2.77479, 48.856136], [2.772583, 48.854889], [2.772583, 48.854889], [2.771971, 48.854553], [2.767912, 48.852242], [2.76723, 48.851868], [2.766951, 48.851727], [2.76619, 48.851372], [2.76562, 48.851124], [2.765252, 48.850975], [2.764563, 48.850716], [2.764092, 48.850552], [2.763645, 48.850403], [2.763229, 48.850273], [2.762305, 48.850018], [2.761919, 48.849918], [2.76102, 48.849724], [2.756491, 48.848782], [2.755763, 48.848621], [2.754528, 48.84832], [2.754016, 48.848186], [2.752736, 48.84782], [2.752033, 48.847599], [2.751354, 48.84737], [2.750769, 48.847168], [2.749554, 48.846706], [2.748717, 48.846363], [2.748119, 48.846104], [2.747342, 48.845749], [2.740497, 48.842472], [2.738416, 48.841484], [2.738007, 48.841297], [2.737326, 48.841007], [2.736345, 48.84063], [2.736079, 48.84053], [2.735315, 48.840271], [2.734699, 48.84008], [2.733818, 48.839832], [2.732965, 48.839615], [2.732344, 48.839474], [2.731169, 48.839241], [2.730531, 48.839134], [2.729929, 48.839043], [2.729312, 48.838963], [2.709902, 48.836636], [2.709902, 48.836636], [2.694225, 48.834751], [2.692528, 48.834557], [2.692026, 48.834507], [2.691747, 48.834492], [2.690777, 48.834438], [2.689805, 48.834457], [2.689165, 48.834484], [2.688566, 48.83453], [2.687964, 48.834595], [2.687212, 48.834705], [2.686646, 48.834808], [2.686137, 48.834911], [2.685571, 48.835049], [2.685048, 48.835186], [2.684579, 48.835323], [2.683892, 48.83556], [2.683295, 48.835789], [2.682581, 48.836098], [2.682127, 48.836319], [2.675367, 48.839882], [2.674577, 48.840282], [2.674318, 48.840397], [2.67405, 48.840508], [2.673558, 48.840691], [2.672981, 48.840874], [2.672383, 48.841026], [2.67189, 48.841129], [2.671354, 48.841217], [2.671084, 48.841251], [2.67053, 48.841309], [2.669974, 48.841339], [2.669371, 48.841347], [2.669066, 48.841343], [2.668563, 48.841316], [2.668001, 48.841267], [2.667742, 48.841236], [2.66723, 48.84116], [2.665359, 48.840794], [2.664762, 48.840698], [2.664147, 48.840614], [2.660855, 48.840244], [2.660259, 48.840183], [2.659068, 48.840084], [2.658325, 48.840012], [2.654389, 48.839554], [2.654389, 48.839554], [2.652902, 48.83939], [2.645587, 48.838554], [2.643196, 48.838295], [2.642636, 48.838245], [2.64208, 48.838207], [2.641371, 48.838181], [2.640507, 48.838173], [2.639663, 48.838196], [2.639343, 48.838211], [2.63852, 48.838272], [2.637681, 48.83836], [2.636858, 48.838474], [2.63652, 48.838528], [2.635681, 48.838692], [2.633026, 48.839252], [2.633026, 48.839252], [2.631205, 48.839638], [2.630726, 48.839752], [2.630215, 48.83989], [2.629781, 48.840019], [2.629062, 48.840282], [2.628122, 48.840668], [2.627408, 48.84095], [2.627092, 48.841068], [2.625929, 48.841526], [2.623378, 48.842552], [2.622627, 48.842812], [2.622359, 48.842892], [2.621724, 48.843063], [2.62104, 48.843216], [2.620412, 48.843327], [2.620074, 48.84338], [2.619144, 48.843479], [2.618841, 48.843498], [2.617993, 48.843521], [2.617702, 48.843521], [2.616394, 48.843483], [2.616394, 48.843483], [2.614944, 48.843445], [2.613413, 48.843422], [2.61103, 48.843357], [2.610399, 48.843323], [2.609705, 48.843258], [2.609147, 48.843197], [2.608522, 48.843102], [2.605181, 48.842491], [2.604352, 48.842346], [2.603819, 48.842258], [2.603212, 48.842178], [2.602579, 48.84211], [2.602031, 48.842068], [2.6014, 48.842033], [2.600791, 48.84203], [2.60024, 48.842041], [2.599351, 48.842083], [2.598738, 48.842136], [2.598238, 48.842186], [2.590752, 48.843113], [2.589478, 48.84325], [2.588761, 48.843307], [2.588137, 48.843338], [2.587326, 48.843357], [2.586783, 48.843361], [2.585679, 48.843338], [2.585088, 48.843311], [2.584285, 48.843258], [2.580106, 48.842873], [2.580106, 48.842873], [2.578469, 48.842716], [2.574902, 48.842392], [2.573567, 48.842255], [2.572839, 48.842163], [2.572114, 48.842056], [2.569436, 48.84161], [2.56838, 48.841454], [2.567739, 48.841377], [2.566767, 48.841282], [2.563434, 48.840969], [2.562471, 48.840919], [2.559164, 48.840836], [2.553409, 48.840782], [2.551034, 48.840694], [2.550168, 48.840679], [2.547754, 48.840679], [2.547754, 48.840679], [2.543181, 48.840679], [2.540643, 48.840691], [2.538897, 48.84071], [2.534382, 48.840668], [2.533804, 48.840679], [2.533357, 48.840702], [2.532926, 48.84074], [2.532167, 48.840858], [2.531678, 48.840961], [2.531136, 48.841103], [2.530857, 48.84119], [2.530652, 48.841263], [2.530433, 48.841343], [2.530027, 48.841515], [2.529587, 48.841732], [2.529373, 48.84185], [2.529176, 48.841969], [2.528941, 48.842121], [2.528575, 48.842381], [2.528412, 48.842525], [2.528264, 48.842674], [2.527473, 48.843407], [2.526934, 48.843925], [2.526479, 48.844341], [2.526187, 48.84462], [2.526187, 48.84462], [2.52591, 48.844879], [2.525657, 48.845104], [2.524697, 48.846004], [2.524376, 48.846287], [2.524196, 48.846436], [2.523924, 48.846642], [2.523542, 48.846905], [2.523041, 48.847198], [2.522565, 48.84745], [2.520966, 48.84827], [2.518026, 48.849751], [2.517279, 48.850182], [2.516966, 48.85038], [2.516606, 48.850636], [2.516357, 48.8508], [2.516132, 48.850975], [2.51564, 48.851406], [2.51546, 48.851566], [2.515117, 48.851898], [2.51458, 48.852516], [2.51458, 48.852516], [2.513809, 48.853432], [2.513187, 48.854153], [2.512892, 48.854443], [2.512592, 48.854702], [2.512401, 48.854851], [2.512194, 48.855], [2.51178, 48.855247], [2.51131, 48.855488], [2.511037, 48.85561], [2.510501, 48.855816], [2.510228, 48.855907], [2.509718, 48.856049], [2.509185, 48.856167], [2.508271, 48.856316], [2.500562, 48.857349], [2.499954, 48.85741], [2.499346, 48.857449], [2.498762, 48.857464], [2.498458, 48.857464], [2.497874, 48.857449], [2.497003, 48.857384], [2.496696, 48.857353], [2.495992, 48.857258], [2.495697, 48.857204], [2.495069, 48.857079], [2.494758, 48.857002], [2.494137, 48.856831], [2.493544, 48.856644], [2.493011, 48.856445], [2.492724, 48.856323], [2.4923, 48.856136], [2.491786, 48.855881], [2.491326, 48.855621], [2.489859, 48.854763], [2.489543, 48.854565], [2.488399, 48.853893], [2.488399, 48.853893], [2.486793, 48.852947], [2.48194, 48.850121], [2.479425, 48.848843], [2.477999, 48.848183], [2.476618, 48.847507], [2.473616, 48.846092], [2.471813, 48.845203], [2.47134, 48.844963], [2.470862, 48.844707], [2.470365, 48.844425], [2.469948, 48.844208], [2.469581, 48.84404], [2.469222, 48.843906], [2.468867, 48.843819], [2.468343, 48.843708], [2.467563, 48.843586], [2.467185, 48.843544], [2.466808, 48.843521], [2.466407, 48.843525], [2.46594, 48.843563], [2.46469, 48.843754], [2.463152, 48.844021], [2.462631, 48.844128], [2.461171, 48.844463], [2.456953, 48.845253], [2.455831, 48.84547], [2.454983, 48.845619], [2.454158, 48.845741], [2.453154, 48.845905], [2.451927, 48.846127], [2.451514, 48.846195], [2.450848, 48.846287], [2.450525, 48.846317], [2.448207, 48.846581], [2.447589, 48.846642], [2.44691, 48.846691], [2.444696, 48.846821], [2.442403, 48.846916], [2.440686, 48.847023], [2.434161, 48.847275], [2.431278, 48.847363], [2.431278, 48.847363], [2.430342, 48.847385], [2.42966, 48.84737], [2.429026, 48.847332], [2.428492, 48.847282], [2.428191, 48.847244], [2.427238, 48.847092], [2.426626, 48.846962], [2.426054, 48.846813], [2.425477, 48.846638], [2.424742, 48.846375], [2.424252, 48.846172], [2.423994, 48.846054], [2.421912, 48.845051], [2.420758, 48.844505], [2.420247, 48.844284], [2.419769, 48.844109], [2.418792, 48.843822], [2.418547, 48.843761], [2.418295, 48.843716], [2.417919, 48.84367], [2.417678, 48.843651], [2.417469, 48.843647], [2.416764, 48.843647], [2.416107, 48.843662], [2.414521, 48.8438], [2.412596, 48.844017], [2.410232, 48.844261], [2.40751, 48.844429], [2.405706, 48.844517], [2.404778, 48.844604], [2.403969, 48.844704], [2.403176, 48.844845], [2.402393, 48.845089], [2.401828, 48.845341], [2.401375, 48.845596], [2.398861, 48.847424], [2.398665, 48.847534], [2.398421, 48.847649], [2.398088, 48.847767], [2.397531, 48.8479], [2.395042, 48.848427], [2.395042, 48.848427], [2.394177, 48.848606], [2.391972, 48.848988], [2.391594, 48.849041], [2.391177, 48.849075], [2.390591, 48.849098], [2.38998, 48.849094], [2.389207, 48.849052], [2.388623, 48.849003], [2.388232, 48.848942], [2.387826, 48.848839], [2.387127, 48.848606], [2.386537, 48.848358], [2.386061, 48.848103], [2.385655, 48.84782], [2.385319, 48.847572], [2.385018, 48.847279], [2.384614, 48.846775], [2.383019, 48.844505], [2.382807, 48.844234], [2.382517, 48.843929], [2.382204, 48.843636], [2.381742, 48.8433], [2.381153, 48.842937], [2.380592, 48.842579], [2.380364, 48.842445], [2.380034, 48.842293], [2.379706, 48.842175], [2.379325, 48.842083], [2.378945, 48.842022], [2.378615, 48.841991], [2.378275, 48.841991], [2.37741, 48.842102], [2.376956, 48.842201], [2.376465, 48.842342], [2.375987, 48.842499], [2.375544, 48.842686], [2.375057, 48.842934], [2.374174, 48.843407], [2.374174, 48.843407], [2.372825, 48.844162], [2.372488, 48.844364], [2.372124, 48.844604], [2.370878, 48.845524], [2.363133, 48.85144], [2.361814, 48.852264], [2.360649, 48.852879], [2.359332, 48.853485], [2.358171, 48.853954], [2.350975, 48.856445], [2.349805, 48.857014], [2.34873, 48.857704], [2.347946, 48.858494], [2.347355, 48.859455], [2.347056, 48.860435], [2.346188, 48.862461], [2.346188, 48.862461], [2.346129, 48.862598], [2.345945, 48.863277], [2.345793, 48.86377], [2.345371, 48.865368], [2.345122, 48.865986], [2.344713, 48.866619], [2.344295, 48.867008], [2.343833, 48.867348], [2.343306, 48.867653], [2.342514, 48.868027], [2.341272, 48.868462], [2.339204, 48.86903], [2.334676, 48.870018], [2.33347, 48.87035], [2.332595, 48.870689], [2.331884, 48.87104], [2.331136, 48.871452], [2.328628, 48.872864], [2.328628, 48.872864], [2.327964, 48.873238], [2.32746, 48.873489], [2.32703, 48.873638], [2.326577, 48.873756], [2.32616, 48.873848], [2.325721, 48.873928], [2.316675, 48.875122], [2.315783, 48.875198], [2.314745, 48.87521], [2.31276, 48.875156], [2.307068, 48.874928], [2.305588, 48.874805], [2.302308, 48.874439], [2.298879, 48.874069], [2.298378, 48.874035], [2.297884, 48.874027], [2.297387, 48.874035], [2.296895, 48.874065], [2.296335, 48.874115], [2.294056, 48.874332], [2.294056, 48.874332], [2.292217, 48.874531], [2.291729, 48.874626], [2.291223, 48.874748], [2.260306, 48.884586], [2.259691, 48.8848], [2.258874, 48.885197], [2.258321, 48.885498], [2.257833, 48.885777], [2.256592, 48.88652], [2.256033, 48.886806], [2.25536, 48.887096], [2.254586, 48.887386], [2.253106, 48.887749], [2.25213, 48.887928], [2.251206, 48.888065], [2.250395, 48.88818], [2.250067, 48.888218], [2.249422, 48.888332], [2.248712, 48.888493], [2.248013, 48.888683], [2.243937, 48.889992], [2.242423, 48.890411], [2.241093, 48.890705], [2.240644, 48.8908], [2.238235, 48.89156], [2.238235, 48.89156], [2.236452, 48.892124], [2.235543, 48.892399], [2.234403, 48.892673], [2.233519, 48.892868], [2.232473, 48.893021], [2.231605, 48.893055], [2.230318, 48.893066], [2.229645, 48.893078], [2.228685, 48.893147], [2.227988, 48.893246], [2.227328, 48.893417], [2.226599, 48.893635], [2.225773, 48.893967], [2.224808, 48.894501], [2.224281, 48.894775], [2.223772, 48.895088], [2.223374, 48.895428], [2.223207, 48.895584], [2.222933, 48.895824], [2.222933, 48.895824], [2.22117, 48.897373], [2.220733, 48.897663], [2.22021, 48.897919], [2.21963, 48.898159], [2.219211, 48.8983], [2.218769, 48.898438], [2.218352, 48.898525], [2.216394, 48.899071], [2.214568, 48.899532], [2.21186, 48.90015], [2.211306, 48.900265], [2.209695, 48.900604], [2.208701, 48.900803], [2.208277, 48.900902], [2.207734, 48.901047], [2.207016, 48.901272], [2.205776, 48.901718], [2.205341, 48.901863], [2.200391, 48.903461], [2.199895, 48.903652], [2.19968, 48.903744], [2.199094, 48.90403], [2.198682, 48.904266], [2.198364, 48.904476], [2.198227, 48.904575], [2.197896, 48.904835], [2.197729, 48.904984], [2.197557, 48.905151], [2.197328, 48.905388], [2.197178, 48.905571], [2.196943, 48.905891], [2.196787, 48.906128], [2.196683, 48.9063], [2.196495, 48.906643], [2.196362, 48.906902], [2.196151, 48.907368], [2.196013, 48.907726], [2.195882, 48.908108], [2.195762, 48.908543], [2.195695, 48.90884], [2.195624, 48.909233], [2.195606, 48.909363], [2.195565, 48.909855], [2.19556, 48.910023], [2.195587, 48.910477], [2.19561, 48.910629], [2.195704, 48.911076], [2.195799, 48.911419], [2.195894, 48.911812], [2.19594, 48.912067], [2.195984, 48.912445], [2.195988, 48.912567], [2.195984, 48.9128], [2.195961, 48.913059], [2.195937, 48.913212], [2.195889, 48.913425], [2.19579, 48.913757], [2.195692, 48.914005], [2.195586, 48.914223], [2.195389, 48.914562], [2.195121, 48.914936], [2.194789, 48.915306], [2.19453, 48.915558], [2.194158, 48.915855], [2.193721, 48.916168], [2.19338, 48.916374], [2.193024, 48.916561], [2.192569, 48.916786], [2.189629, 48.918163], [2.188, 48.918938], [2.187239, 48.919277], [2.186482, 48.91959], [2.185723, 48.919922], [2.185113, 48.920223], [2.185113, 48.920223], [2.184644, 48.920467], [2.18387, 48.920914], [2.183227, 48.921291], [2.182808, 48.921524], [2.18225, 48.921822], [2.180166, 48.92284], [2.179275, 48.923309], [2.178271, 48.923862], [2.177932, 48.924057], [2.177624, 48.924236], [2.177098, 48.924557], [2.176713, 48.924816], [2.174602, 48.926174], [2.173849, 48.926682], [2.173249, 48.92712], [2.17282, 48.927414], [2.171667, 48.928154], [2.171096, 48.928535], [2.168925, 48.929943], [2.168257, 48.930397], [2.166968, 48.931297], [2.16611, 48.931877], [2.163314, 48.933693], [2.161373, 48.934925], [2.159801, 48.935951], [2.158573, 48.93671], [2.157143, 48.937565], [2.157143, 48.937565], [2.153896, 48.939518], [2.153185, 48.939964], [2.151458, 48.941071], [2.150171, 48.941914], [2.149502, 48.942379], [2.148283, 48.943295], [2.147265, 48.944019], [2.146113, 48.944775], [2.143905, 48.94619], [2.143905, 48.94619], [2.142741, 48.946945], [2.141247, 48.947948], [2.140376, 48.948521], [2.137689, 48.95026], [2.137163, 48.950588], [2.13438, 48.9524], [2.13187, 48.954018], [2.131488, 48.954258], [2.130247, 48.954983], [2.129807, 48.955231], [2.129223, 48.955544], [2.128565, 48.95586], [2.126875, 48.956604], [2.126177, 48.956947], [2.125209, 48.957485], [2.124644, 48.957787], [2.124448, 48.957882], [2.124061, 48.958057], [2.123577, 48.958252], [2.123049, 48.958443], [2.1222, 48.958706], [2.121462, 48.958904], [2.120634, 48.959099], [2.119787, 48.959278], [2.116873, 48.95985], [2.116483, 48.959915], [2.115776, 48.960026], [2.115323, 48.960087], [2.114727, 48.960152], [2.112871, 48.960331], [2.112069, 48.960384], [2.111397, 48.960403], [2.110274, 48.960403], [2.109335, 48.960373], [2.106228, 48.960201], [2.105956, 48.960178], [2.105458, 48.960121], [2.10504, 48.960056], [2.104358, 48.95993], [2.103932, 48.959877], [2.101827, 48.959454], [2.101486, 48.95937], [2.100819, 48.959183], [2.099485, 48.958767], [2.096569, 48.957825], [2.095937, 48.957607], [2.095641, 48.957485], [2.095253, 48.957314], [2.093601, 48.956467], [2.093404, 48.956379], [2.092993, 48.956223], [2.092624, 48.956097], [2.090887, 48.95562], [2.090631, 48.955566], [2.089557, 48.955395], [2.08932, 48.955364], [2.088928, 48.95533], [2.088447, 48.955318], [2.088236, 48.955322], [2.087803, 48.955345], [2.087366, 48.955391], [2.086847, 48.955467], [2.086489, 48.95554], [2.086066, 48.955643], [2.085665, 48.955765], [2.085221, 48.955929], [2.084849, 48.956097], [2.084449, 48.956303], [2.084072, 48.95652], [2.083643, 48.956787], [2.083299, 48.957016], [2.082972, 48.957264], [2.082702, 48.957504], [2.082423, 48.957787], [2.082246, 48.957996], [2.081982, 48.958351], [2.081698, 48.958763], [2.08129, 48.959385], [2.080919, 48.960003], [2.079099, 48.963116], [2.078932, 48.963406], [2.078699, 48.963844], [2.078593, 48.964058], [2.078428, 48.964428], [2.078262, 48.96484], [2.07817, 48.965099], [2.078062, 48.965435], [2.077919, 48.965965], [2.077677, 48.967129], [2.077641, 48.967445], [2.077621, 48.967976], [2.077624, 48.968311], [2.077712, 48.970642], [2.077712, 48.970642], [2.078018, 48.97897], [2.078013, 48.979538], [2.077976, 48.980064], [2.07793, 48.980515], [2.077892, 48.980793], [2.077812, 48.981266], [2.077771, 48.981468], [2.077601, 48.982155], [2.077486, 48.982571], [2.077299, 48.983147], [2.077114, 48.983624], [2.076852, 48.984196], [2.07412, 48.989746], [2.073976, 48.990082], [2.073912, 48.990246], [2.073819, 48.990536], [2.073716, 48.990959], [2.073627, 48.991512], [2.073627, 48.991512], [2.073316, 48.993881], [2.073282, 48.994267], [2.07327, 48.994537], [2.073279, 48.994968], [2.073293, 48.995171], [2.073448, 48.996834], [2.073466, 48.997215], [2.073457, 48.997604], [2.073442, 48.997791], [2.073353, 48.998589], [2.073229, 48.999611], [2.073175, 49.000206], [2.073165, 49.000401], [2.073165, 49.000721], [2.073186, 49.001114], [2.073231, 49.001499], [2.073376, 49.002335], [2.073472, 49.002796], [2.073572, 49.003407], [2.073716, 49.004467], [2.073823, 49.005085], [2.073892, 49.005394], [2.074, 49.005775], [2.07417, 49.006264], [2.074286, 49.00655], [2.074512, 49.00703], [2.074743, 49.007454], [2.074948, 49.007793], [2.075201, 49.008171], [2.075348, 49.008369], [2.075503, 49.008575], [2.07576, 49.008884], [2.076099, 49.00927], [2.077269, 49.010509], [2.077612, 49.010906], [2.077714, 49.011044], [2.077944, 49.011417], [2.078062, 49.01165], [2.07818, 49.011944], [2.07827, 49.012245], [2.078318, 49.012489], [2.078348, 49.012768], [2.078355, 49.01302], [2.07835, 49.01318], [2.078289, 49.013954], [2.078289, 49.013954], [2.078266, 49.014248], [2.078269, 49.01458], [2.078284, 49.014778], [2.078335, 49.01511], [2.078402, 49.015358], [2.078442, 49.015472], [2.078573, 49.015789], [2.078645, 49.015934], [2.078727, 49.016075], [2.078858, 49.016277], [2.079052, 49.016537], [2.079269, 49.016792], [2.079437, 49.01696], [2.079609, 49.017124], [2.079785, 49.017273], [2.080094, 49.017509], [2.080462, 49.017754], [2.080999, 49.018078], [2.082823, 49.019142], [2.083634, 49.01963], [2.084474, 49.020107], [2.085388, 49.020638], [2.086412, 49.021149], [2.087335, 49.021622], [2.087506, 49.021717], [2.087908, 49.021969], [2.088241, 49.022209], [2.088578, 49.022495], [2.088841, 49.022758], [2.089089, 49.023045], [2.089333, 49.023384], [2.089534, 49.023705], [2.090196, 49.024868], [2.090482, 49.025391], [2.09072, 49.025864], [2.09087, 49.026184], [2.090983, 49.026447], [2.091067, 49.02668], [2.09117, 49.027016], [2.091229, 49.027309], [2.091245, 49.027443], [2.091261, 49.027737], [2.091257, 49.027905], [2.091246, 49.028042], [2.091221, 49.028217], [2.091165, 49.028492], [2.091125, 49.028633], [2.091058, 49.028824], [2.090949, 49.029083], [2.090846, 49.029278], [2.090784, 49.029388], [2.090607, 49.029663], [2.09051, 49.029793], [2.09041, 49.029911], [2.090229, 49.030113], [2.090003, 49.030342], [2.089661, 49.030632], [2.089209, 49.030956], [2.088791, 49.031212], [2.088576, 49.031334], [2.088071, 49.031574], [2.083673, 49.033875], [2.083019, 49.034222], [2.08096, 49.035351], [2.080508, 49.035622], [2.078738, 49.036865], [2.078738, 49.036865], [2.076507, 49.038521], [2.074749, 49.039856], [2.07315, 49.041012], [2.072994, 49.041138], [2.07246, 49.041607], [2.072186, 49.041893], [2.071544, 49.042606], [2.071273, 49.042942], [2.070234, 49.044121], [2.069971, 49.044388], [2.069676, 49.044655], [2.069421, 49.044853], [2.06912, 49.045067], [2.068857, 49.045242], [2.068524, 49.045444], [2.068291, 49.04557], [2.067926, 49.04575], [2.067577, 49.045891], [2.067167, 49.046047], [2.066773, 49.046173], [2.066239, 49.046322], [2.064956, 49.046635], [2.064314, 49.046776], [2.063703, 49.046883], [2.063312, 49.046936], [2.06292, 49.04697], [2.062352, 49.046997], [2.060506, 49.047058], [2.059868, 49.047096], [2.059347, 49.047142], [2.033257, 49.049728], [2.033257, 49.049728], [2.020986, 49.050945], [2.020352, 49.050999], [2.019696, 49.051029], [2.019323, 49.051033], [2.018924, 49.051025], [2.01826, 49.050995], [2.017795, 49.050949], [2.017462, 49.050911], [2.017027, 49.050842], [2.016684, 49.050774], [2.01628, 49.050682], [2.015844, 49.050564], [2.015585, 49.050484], [2.014918, 49.050247], [2.014463, 49.050049], [2.014181, 49.049911], [2.013857, 49.04974], [2.013214, 49.049351], [2.01175, 49.04834]]}, "properties": {"id": "rer-a", "branchId": "rer-a::0", "termini": "Marne-la-Vallée - Chessy - Cergy le Haut", "source": "Ile-de-France Mobilites GTFS (data.iledefrance-mobilites.fr), Mobility License"}}, {"type": "Feature", "geometry": {"type": "LineString", "coordinates": [[2.782354, 48.869911], [2.782155, 48.868763], [2.781759, 48.867023], [2.781603, 48.866074], [2.781502, 48.865551], [2.78091, 48.862038], [2.780857, 48.861771], [2.780767, 48.861385], [2.780722, 48.861221], [2.780531, 48.860733], [2.780257, 48.86021], [2.780088, 48.85994], [2.779888, 48.859676], [2.779747, 48.859501], [2.779422, 48.859135], [2.779176, 48.858883], [2.778901, 48.858646], [2.778585, 48.858398], [2.778271, 48.858162], [2.777577, 48.857731], [2.777205, 48.857513], [2.776871, 48.857334], [2.77479, 48.856136], [2.772583, 48.854889], [2.772583, 48.854889], [2.771971, 48.854553], [2.767912, 48.852242], [2.76723, 48.851868], [2.766951, 48.851727], [2.76619, 48.851372], [2.76562, 48.851124], [2.765252, 48.850975], [2.764563, 48.850716], [2.764092, 48.850552], [2.763645, 48.850403], [2.763229, 48.850273], [2.762305, 48.850018], [2.761919, 48.849918], [2.76102, 48.849724], [2.756491, 48.848782], [2.755763, 48.848621], [2.754528, 48.84832], [2.754016, 48.848186], [2.752736, 48.84782], [2.752033, 48.847599], [2.751354, 48.84737], [2.750769, 48.847168], [2.749554, 48.846706], [2.748717, 48.846363], [2.748119, 48.846104], [2.747342, 48.845749], [2.740497, 48.842472], [2.738416, 48.841484], [2.738007, 48.841297], [2.737326, 48.841007], [2.736345, 48.84063], [2.736079, 48.84053], [2.735315, 48.840271], [2.734699, 48.84008], [2.733818, 48.839832], [2.732965, 48.839615], [2.732344, 48.839474], [2.731169, 48.839241], [2.730531, 48.839134], [2.729929, 48.839043], [2.729312, 48.838963], [2.709902, 48.836636], [2.709902, 48.836636], [2.694225, 48.834751], [2.692528, 48.834557], [2.692026, 48.834507], [2.691747, 48.834492], [2.690777, 48.834438], [2.689805, 48.834457], [2.689165, 48.834484], [2.688566, 48.83453], [2.687964, 48.834595], [2.687212, 48.834705], [2.686646, 48.834808], [2.686137, 48.834911], [2.685571, 48.835049], [2.685048, 48.835186], [2.684579, 48.835323], [2.683892, 48.83556], [2.683295, 48.835789], [2.682581, 48.836098], [2.682127, 48.836319], [2.675367, 48.839882], [2.674577, 48.840282], [2.674318, 48.840397], [2.67405, 48.840508], [2.673558, 48.840691], [2.672981, 48.840874], [2.672383, 48.841026], [2.67189, 48.841129], [2.671354, 48.841217], [2.671084, 48.841251], [2.67053, 48.841309], [2.669974, 48.841339], [2.669371, 48.841347], [2.669066, 48.841343], [2.668563, 48.841316], [2.668001, 48.841267], [2.667742, 48.841236], [2.66723, 48.84116], [2.665359, 48.840794], [2.664762, 48.840698], [2.664147, 48.840614], [2.660855, 48.840244], [2.660259, 48.840183], [2.659068, 48.840084], [2.658325, 48.840012], [2.654389, 48.839554], [2.654389, 48.839554], [2.652902, 48.83939], [2.645587, 48.838554], [2.643196, 48.838295], [2.642636, 48.838245], [2.64208, 48.838207], [2.641371, 48.838181], [2.640507, 48.838173], [2.639663, 48.838196], [2.639343, 48.838211], [2.63852, 48.838272], [2.637681, 48.83836], [2.636858, 48.838474], [2.63652, 48.838528], [2.635681, 48.838692], [2.633026, 48.839252], [2.633026, 48.839252], [2.631205, 48.839638], [2.630726, 48.839752], [2.630215, 48.83989], [2.629781, 48.840019], [2.629062, 48.840282], [2.628122, 48.840668], [2.627408, 48.84095], [2.627092, 48.841068], [2.625929, 48.841526], [2.623378, 48.842552], [2.622627, 48.842812], [2.622359, 48.842892], [2.621724, 48.843063], [2.62104, 48.843216], [2.620412, 48.843327], [2.620074, 48.84338], [2.619144, 48.843479], [2.618841, 48.843498], [2.617993, 48.843521], [2.617702, 48.843521], [2.616394, 48.843483], [2.616394, 48.843483], [2.614944, 48.843445], [2.613413, 48.843422], [2.61103, 48.843357], [2.610399, 48.843323], [2.609705, 48.843258], [2.609147, 48.843197], [2.608522, 48.843102], [2.605181, 48.842491], [2.604352, 48.842346], [2.603819, 48.842258], [2.603212, 48.842178], [2.602579, 48.84211], [2.602031, 48.842068], [2.6014, 48.842033], [2.600791, 48.84203], [2.60024, 48.842041], [2.599351, 48.842083], [2.598738, 48.842136], [2.598238, 48.842186], [2.590752, 48.843113], [2.589478, 48.84325], [2.588761, 48.843307], [2.588137, 48.843338], [2.587326, 48.843357], [2.586783, 48.843361], [2.585679, 48.843338], [2.585088, 48.843311], [2.584285, 48.843258], [2.580106, 48.842873], [2.580106, 48.842873], [2.578469, 48.842716], [2.574902, 48.842392], [2.573567, 48.842255], [2.572839, 48.842163], [2.572114, 48.842056], [2.569436, 48.84161], [2.56838, 48.841454], [2.567739, 48.841377], [2.566767, 48.841282], [2.563434, 48.840969], [2.562471, 48.840919], [2.559164, 48.840836], [2.553409, 48.840782], [2.551034, 48.840694], [2.550168, 48.840679], [2.547754, 48.840679], [2.547754, 48.840679], [2.543181, 48.840679], [2.540643, 48.840691], [2.538897, 48.84071], [2.534382, 48.840668], [2.533804, 48.840679], [2.533357, 48.840702], [2.532926, 48.84074], [2.532167, 48.840858], [2.531678, 48.840961], [2.531136, 48.841103], [2.530857, 48.84119], [2.530652, 48.841263], [2.530433, 48.841343], [2.530027, 48.841515], [2.529587, 48.841732], [2.529373, 48.84185], [2.529176, 48.841969], [2.528941, 48.842121], [2.528575, 48.842381], [2.528412, 48.842525], [2.528264, 48.842674], [2.527473, 48.843407], [2.526934, 48.843925], [2.526479, 48.844341], [2.526187, 48.84462], [2.526187, 48.84462], [2.52591, 48.844879], [2.525657, 48.845104], [2.524697, 48.846004], [2.524376, 48.846287], [2.524196, 48.846436], [2.523924, 48.846642], [2.523542, 48.846905], [2.523041, 48.847198], [2.522565, 48.84745], [2.520966, 48.84827], [2.518026, 48.849751], [2.517279, 48.850182], [2.516966, 48.85038], [2.516606, 48.850636], [2.516357, 48.8508], [2.516132, 48.850975], [2.51564, 48.851406], [2.51546, 48.851566], [2.515117, 48.851898], [2.51458, 48.852516], [2.51458, 48.852516], [2.513809, 48.853432], [2.513187, 48.854153], [2.512892, 48.854443], [2.512592, 48.854702], [2.512401, 48.854851], [2.512194, 48.855], [2.51178, 48.855247], [2.51131, 48.855488], [2.511037, 48.85561], [2.510501, 48.855816], [2.510228, 48.855907], [2.509718, 48.856049], [2.509185, 48.856167], [2.508271, 48.856316], [2.500562, 48.857349], [2.499954, 48.85741], [2.499346, 48.857449], [2.498762, 48.857464], [2.498458, 48.857464], [2.497874, 48.857449], [2.497003, 48.857384], [2.496696, 48.857353], [2.495992, 48.857258], [2.495697, 48.857204], [2.495069, 48.857079], [2.494758, 48.857002], [2.494137, 48.856831], [2.493544, 48.856644], [2.493011, 48.856445], [2.492724, 48.856323], [2.4923, 48.856136], [2.491786, 48.855881], [2.491326, 48.855621], [2.489859, 48.854763], [2.489543, 48.854565], [2.488399, 48.853893], [2.488399, 48.853893], [2.486793, 48.852947], [2.48194, 48.850121], [2.479425, 48.848843], [2.477999, 48.848183], [2.476618, 48.847507], [2.473616, 48.846092], [2.471813, 48.845203], [2.47134, 48.844963], [2.470862, 48.844707], [2.470365, 48.844425], [2.469948, 48.844208], [2.469581, 48.84404], [2.469222, 48.843906], [2.468867, 48.843819], [2.468343, 48.843708], [2.467563, 48.843586], [2.467185, 48.843544], [2.466808, 48.843521], [2.466407, 48.843525], [2.46594, 48.843563], [2.46469, 48.843754], [2.463152, 48.844021], [2.462631, 48.844128], [2.461171, 48.844463], [2.456953, 48.845253], [2.455831, 48.84547], [2.454983, 48.845619], [2.454158, 48.845741], [2.453154, 48.845905], [2.451927, 48.846127], [2.451514, 48.846195], [2.450848, 48.846287], [2.450525, 48.846317], [2.448207, 48.846581], [2.447589, 48.846642], [2.44691, 48.846691], [2.444696, 48.846821], [2.442403, 48.846916], [2.440686, 48.847023], [2.434161, 48.847275], [2.431278, 48.847363], [2.431278, 48.847363], [2.430342, 48.847385], [2.42966, 48.84737], [2.429026, 48.847332], [2.428492, 48.847282], [2.428191, 48.847244], [2.427238, 48.847092], [2.426626, 48.846962], [2.426054, 48.846813], [2.425477, 48.846638], [2.424742, 48.846375], [2.424252, 48.846172], [2.423994, 48.846054], [2.421912, 48.845051], [2.420758, 48.844505], [2.420247, 48.844284], [2.419769, 48.844109], [2.418792, 48.843822], [2.418547, 48.843761], [2.418295, 48.843716], [2.417919, 48.84367], [2.417678, 48.843651], [2.417469, 48.843647], [2.416764, 48.843647], [2.416107, 48.843662], [2.414521, 48.8438], [2.412596, 48.844017], [2.410232, 48.844261], [2.40751, 48.844429], [2.405706, 48.844517], [2.404778, 48.844604], [2.403969, 48.844704], [2.403176, 48.844845], [2.402393, 48.845089], [2.401828, 48.845341], [2.401375, 48.845596], [2.398861, 48.847424], [2.398665, 48.847534], [2.398421, 48.847649], [2.398088, 48.847767], [2.397531, 48.8479], [2.395042, 48.848427], [2.395042, 48.848427], [2.394177, 48.848606], [2.391972, 48.848988], [2.391594, 48.849041], [2.391177, 48.849075], [2.390591, 48.849098], [2.38998, 48.849094], [2.389207, 48.849052], [2.388623, 48.849003], [2.388232, 48.848942], [2.387826, 48.848839], [2.387127, 48.848606], [2.386537, 48.848358], [2.386061, 48.848103], [2.385655, 48.84782], [2.385319, 48.847572], [2.385018, 48.847279], [2.384614, 48.846775], [2.383019, 48.844505], [2.382807, 48.844234], [2.382517, 48.843929], [2.382204, 48.843636], [2.381742, 48.8433], [2.381153, 48.842937], [2.380592, 48.842579], [2.380364, 48.842445], [2.380034, 48.842293], [2.379706, 48.842175], [2.379325, 48.842083], [2.378945, 48.842022], [2.378615, 48.841991], [2.378275, 48.841991], [2.37741, 48.842102], [2.376956, 48.842201], [2.376465, 48.842342], [2.375987, 48.842499], [2.375544, 48.842686], [2.375057, 48.842934], [2.374174, 48.843407], [2.374174, 48.843407], [2.372825, 48.844162], [2.372488, 48.844364], [2.372124, 48.844604], [2.370878, 48.845524], [2.363133, 48.85144], [2.361814, 48.852264], [2.360649, 48.852879], [2.359332, 48.853485], [2.358171, 48.853954], [2.350975, 48.856445], [2.349805, 48.857014], [2.34873, 48.857704], [2.347946, 48.858494], [2.347355, 48.859455], [2.347056, 48.860435], [2.346188, 48.862461], [2.346188, 48.862461], [2.346129, 48.862598], [2.345945, 48.863277], [2.345793, 48.86377], [2.345371, 48.865368], [2.345122, 48.865986], [2.344713, 48.866619], [2.344295, 48.867008], [2.343833, 48.867348], [2.343306, 48.867653], [2.342514, 48.868027], [2.341272, 48.868462], [2.339204, 48.86903], [2.334676, 48.870018], [2.33347, 48.87035], [2.332595, 48.870689], [2.331884, 48.87104], [2.331136, 48.871452], [2.328628, 48.872864], [2.328628, 48.872864], [2.327964, 48.873238], [2.32746, 48.873489], [2.32703, 48.873638], [2.326577, 48.873756], [2.32616, 48.873848], [2.325721, 48.873928], [2.316675, 48.875122], [2.315783, 48.875198], [2.314745, 48.87521], [2.31276, 48.875156], [2.307068, 48.874928], [2.305588, 48.874805], [2.302308, 48.874439], [2.298879, 48.874069], [2.298378, 48.874035], [2.297884, 48.874027], [2.297387, 48.874035], [2.296895, 48.874065], [2.296335, 48.874115], [2.294056, 48.874332], [2.294056, 48.874332], [2.292217, 48.874531], [2.291729, 48.874626], [2.291223, 48.874748], [2.260306, 48.884586], [2.259691, 48.8848], [2.258874, 48.885197], [2.258321, 48.885498], [2.257833, 48.885777], [2.256592, 48.88652], [2.256033, 48.886806], [2.25536, 48.887096], [2.254586, 48.887386], [2.253106, 48.887749], [2.25213, 48.887928], [2.251206, 48.888065], [2.250395, 48.88818], [2.250067, 48.888218], [2.249422, 48.888332], [2.248712, 48.888493], [2.248013, 48.888683], [2.243937, 48.889992], [2.242423, 48.890411], [2.241093, 48.890705], [2.240644, 48.8908], [2.238235, 48.89156], [2.238235, 48.89156], [2.236452, 48.892124], [2.235543, 48.892399], [2.234403, 48.892673], [2.233519, 48.892868], [2.232473, 48.893021], [2.231605, 48.893055], [2.230318, 48.893066], [2.229645, 48.893078], [2.228685, 48.893147], [2.227988, 48.893246], [2.227328, 48.893417], [2.226599, 48.893635], [2.225773, 48.893967], [2.224808, 48.894501], [2.224281, 48.894775], [2.223772, 48.895088], [2.223374, 48.895428], [2.223207, 48.895584], [2.222933, 48.895824], [2.222933, 48.895824], [2.22117, 48.897373], [2.220733, 48.897663], [2.22021, 48.897919], [2.21963, 48.898159], [2.219211, 48.8983], [2.218769, 48.898438], [2.218352, 48.898525], [2.216394, 48.899071], [2.214568, 48.899532], [2.21186, 48.90015], [2.211306, 48.900265], [2.209695, 48.900604], [2.208701, 48.900803], [2.208277, 48.900902], [2.207734, 48.901047], [2.207016, 48.901272], [2.205776, 48.901718], [2.205341, 48.901863], [2.200391, 48.903461], [2.199895, 48.903652], [2.19968, 48.903744], [2.199094, 48.90403], [2.198682, 48.904266], [2.198364, 48.904476], [2.198227, 48.904575], [2.197896, 48.904835], [2.197729, 48.904984], [2.197557, 48.905151], [2.197328, 48.905388], [2.197178, 48.905571], [2.196943, 48.905891], [2.196787, 48.906128], [2.196683, 48.9063], [2.196495, 48.906643], [2.196362, 48.906902], [2.196151, 48.907368], [2.196013, 48.907726], [2.195882, 48.908108], [2.195762, 48.908543], [2.195695, 48.90884], [2.195624, 48.909233], [2.195606, 48.909363], [2.195565, 48.909855], [2.19556, 48.910023], [2.195587, 48.910477], [2.19561, 48.910629], [2.195704, 48.911076], [2.195799, 48.911419], [2.195894, 48.911812], [2.19594, 48.912067], [2.195984, 48.912445], [2.195988, 48.912567], [2.195984, 48.9128], [2.195961, 48.913059], [2.195937, 48.913212], [2.195889, 48.913425], [2.19579, 48.913757], [2.195692, 48.914005], [2.195586, 48.914223], [2.195389, 48.914562], [2.195121, 48.914936], [2.194789, 48.915306], [2.19453, 48.915558], [2.194158, 48.915855], [2.193721, 48.916168], [2.19338, 48.916374], [2.193024, 48.916561], [2.192569, 48.916786], [2.189629, 48.918163], [2.188, 48.918938], [2.187239, 48.919277], [2.186482, 48.91959], [2.185723, 48.919922], [2.185113, 48.920223], [2.185113, 48.920223], [2.184644, 48.920467], [2.18387, 48.920914], [2.183227, 48.921291], [2.182808, 48.921524], [2.18225, 48.921822], [2.180166, 48.92284], [2.179275, 48.923309], [2.178271, 48.923862], [2.177932, 48.924057], [2.177624, 48.924236], [2.177098, 48.924557], [2.176713, 48.924816], [2.174602, 48.926174], [2.173849, 48.926682], [2.173249, 48.92712], [2.17282, 48.927414], [2.171667, 48.928154], [2.171096, 48.928535], [2.168925, 48.929943], [2.168257, 48.930397], [2.166968, 48.931297], [2.16611, 48.931877], [2.163314, 48.933693], [2.161373, 48.934925], [2.159801, 48.935951], [2.158573, 48.93671], [2.157143, 48.937565], [2.157143, 48.937565], [2.153896, 48.939518], [2.153185, 48.939964], [2.151458, 48.941071], [2.150171, 48.941914], [2.149502, 48.942379], [2.148283, 48.943295], [2.147265, 48.944019], [2.146113, 48.944775], [2.143905, 48.94619], [2.143905, 48.94619], [2.142741, 48.946945], [2.141247, 48.947948], [2.140376, 48.948521], [2.137689, 48.95026], [2.137163, 48.950588], [2.13438, 48.9524], [2.130853, 48.95467], [2.130438, 48.954933], [2.129993, 48.9552], [2.129397, 48.95554], [2.1289, 48.955814], [2.12841, 48.95607], [2.127732, 48.956398], [2.126972, 48.956718], [2.126566, 48.956875], [2.126098, 48.957039], [2.125823, 48.957127], [2.12527, 48.957287], [2.12453, 48.95747], [2.12273, 48.957836], [2.121597, 48.958076], [2.120122, 48.958408], [2.119078, 48.958626], [2.118535, 48.958729], [2.117654, 48.958874], [2.116894, 48.958984], [2.116015, 48.959095], [2.115053, 48.959194], [2.114243, 48.959251], [2.113803, 48.95927], [2.113268, 48.959282], [2.112527, 48.959282], [2.111767, 48.959255], [2.111089, 48.959213], [2.110728, 48.959183], [2.110126, 48.959122], [2.109659, 48.959061], [2.109096, 48.958977], [2.108382, 48.958843], [2.107122, 48.958588], [2.103245, 48.957756], [2.102326, 48.957542], [2.101634, 48.957359], [2.100852, 48.957115], [2.098268, 48.956238], [2.097662, 48.956055], [2.097392, 48.955982], [2.096704, 48.955807], [2.095959, 48.955654], [2.095596, 48.955589], [2.09268, 48.955135], [2.09268, 48.955135], [2.091714, 48.954979], [2.0913, 48.954895], [2.090891, 48.954807], [2.090412, 48.954689], [2.090007, 48.954578], [2.089402, 48.954391], [2.08915, 48.954308], [2.088527, 48.954079], [2.087834, 48.953796], [2.085101, 48.952591], [2.081783, 48.951157], [2.076419, 48.948803], [2.07418, 48.947826], [2.073082, 48.947338], [2.072835, 48.94722], [2.072328, 48.946957], [2.07101, 48.946228], [2.070527, 48.945984], [2.070243, 48.945847], [2.069933, 48.945709], [2.06932, 48.945473], [2.067805, 48.944962], [2.067353, 48.94479], [2.066835, 48.944576], [2.05474, 48.939232], [2.05313, 48.938492], [2.051011, 48.937553], [2.049642, 48.93697], [2.04451, 48.934708], [2.043166, 48.934109], [2.04107, 48.933136], [2.040854, 48.933041]]}, "properties": {"id": "rer-a", "branchId": "rer-a::1", "termini": "Marne-la-Vallée - Chessy - Poissy", "source": "Ile-de-France Mobilites GTFS (data.iledefrance-mobilites.fr), Mobility License"}}, {"type": "Feature", "geometry": {"type": "LineString", "coordinates": [[2.504767, 48.752586], [2.506705, 48.756176], [2.507203, 48.75713], [2.507362, 48.757473], [2.507441, 48.757675], [2.507552, 48.758018], [2.5076, 48.758198], [2.507692, 48.758652], [2.507733, 48.758972], [2.507754, 48.759205], [2.507774, 48.75964], [2.507774, 48.759941], [2.507758, 48.760208], [2.50772, 48.760502], [2.50766, 48.760796], [2.507584, 48.761063], [2.507487, 48.76133], [2.507332, 48.761673], [2.507238, 48.761848], [2.507008, 48.762222], [2.506031, 48.763641], [2.505883, 48.763863], [2.505675, 48.764214], [2.505545, 48.764484], [2.505469, 48.764698], [2.505436, 48.764816], [2.505386, 48.765053], [2.505361, 48.765312], [2.505363, 48.765549], [2.505393, 48.765827], [2.505454, 48.76609], [2.505553, 48.766384], [2.505693, 48.76667], [2.505992, 48.767117], [2.506168, 48.767361], [2.506659, 48.767998], [2.506883, 48.768314], [2.507037, 48.768562], [2.50714, 48.768757], [2.507209, 48.768898], [2.507343, 48.769222], [2.507442, 48.76955], [2.507504, 48.769798], [2.50754, 48.770065], [2.507559, 48.770306], [2.507562, 48.770668], [2.507554, 48.770863], [2.507498, 48.771519], [2.507466, 48.772076], [2.507466, 48.772076], [2.50743, 48.7728], [2.507374, 48.773735], [2.507365, 48.774529], [2.507374, 48.77615], [2.507359, 48.776676], [2.507075, 48.781128], [2.507021, 48.782013], [2.506994, 48.782578], [2.506993, 48.782814], [2.507002, 48.7831], [2.507119, 48.78476], [2.507158, 48.785141], [2.507223, 48.785454], [2.507342, 48.785839], [2.50747, 48.786129], [2.507543, 48.78627], [2.507818, 48.786736], [2.509839, 48.789871], [2.510211, 48.790478], [2.511427, 48.792572], [2.511631, 48.792934], [2.512293, 48.794159], [2.512556, 48.794598], [2.512758, 48.794914], [2.512758, 48.794914], [2.513436, 48.795826], [2.514049, 48.796635], [2.51433, 48.797035], [2.514488, 48.797287], [2.514651, 48.797565], [2.514837, 48.797935], [2.514908, 48.7981], [2.51518, 48.798794], [2.515689, 48.800213], [2.515778, 48.800484], [2.515833, 48.800682], [2.515887, 48.800961], [2.515907, 48.801128], [2.515919, 48.801331], [2.515911, 48.801674], [2.515888, 48.801853], [2.515851, 48.802059], [2.5158, 48.802258], [2.515733, 48.802467], [2.515627, 48.802727], [2.515525, 48.802944], [2.515421, 48.803135], [2.515242, 48.803429], [2.51499, 48.803776], [2.514863, 48.803932], [2.514643, 48.804188], [2.514257, 48.804573], [2.513899, 48.804893], [2.513649, 48.805096], [2.513229, 48.805405], [2.512782, 48.805698], [2.512387, 48.805931], [2.512016, 48.806129], [2.511645, 48.806316], [2.510774, 48.806679], [2.510334, 48.806835], [2.509994, 48.80695], [2.509994, 48.80695], [2.508902, 48.80727], [2.508338, 48.807423], [2.507756, 48.80756], [2.507405, 48.807629], [2.506875, 48.807701], [2.50651, 48.807743], [2.506108, 48.807774], [2.505324, 48.807796], [2.504542, 48.807777], [2.504189, 48.807758], [2.503464, 48.807697], [2.503112, 48.807652], [2.494859, 48.80648], [2.489983, 48.805824], [2.486928, 48.80542], [2.485675, 48.805264], [2.485675, 48.805264], [2.483209, 48.804955], [2.482434, 48.804893], [2.481677, 48.804867], [2.480886, 48.804867], [2.480047, 48.804909], [2.479664, 48.804935], [2.478449, 48.805061], [2.477728, 48.805164], [2.476088, 48.805408], [2.474924, 48.805603], [2.474541, 48.805683], [2.474172, 48.805767], [2.473463, 48.805962], [2.472965, 48.806114], [2.472608, 48.806236], [2.472237, 48.806377], [2.472237, 48.806377], [2.471882, 48.806515], [2.471496, 48.806679], [2.47119, 48.806828], [2.470649, 48.807098], [2.470326, 48.807274], [2.469767, 48.807621], [2.469475, 48.807812], [2.469228, 48.807991], [2.468699, 48.808411], [2.468465, 48.808613], [2.468254, 48.808811], [2.467857, 48.809223], [2.467695, 48.809414], [2.467332, 48.809921], [2.466811, 48.810772], [2.466185, 48.811871], [2.464873, 48.814075], [2.464736, 48.814358], [2.46447, 48.814865], [2.464244, 48.81535], [2.464027, 48.815914], [2.463831, 48.816582], [2.463767, 48.816883], [2.463623, 48.817764], [2.463566, 48.818176], [2.463504, 48.818851], [2.4635, 48.819187], [2.463519, 48.82032], [2.463552, 48.820599], [2.463603, 48.820877], [2.463603, 48.820877], [2.463691, 48.821205], [2.463794, 48.821484], [2.463917, 48.821754], [2.464063, 48.822044], [2.464783, 48.823277], [2.464953, 48.823624], [2.465075, 48.823849], [2.465244, 48.824314], [2.465392, 48.8246], [2.465717, 48.825432], [2.466279, 48.826935], [2.466414, 48.827248], [2.466616, 48.827637], [2.466736, 48.827847], [2.466858, 48.828045], [2.467149, 48.828457], [2.467284, 48.828621], [2.467604, 48.828976], [2.468066, 48.829414], [2.469445, 48.830627], [2.469674, 48.830841], [2.470094, 48.831276], [2.470306, 48.831516], [2.47063, 48.831921], [2.470918, 48.83234], [2.471141, 48.832737], [2.471513, 48.833546], [2.471647, 48.83392], [2.471728, 48.834267], [2.471782, 48.83469], [2.471791, 48.835197], [2.471791, 48.835197], [2.471733, 48.83564], [2.471535, 48.836514], [2.471453, 48.836781], [2.471354, 48.837059], [2.471225, 48.837334], [2.471081, 48.837612], [2.470921, 48.837891], [2.470549, 48.838459], [2.470381, 48.838673], [2.469859, 48.839272], [2.469351, 48.839813], [2.468823, 48.840393], [2.468363, 48.840881], [2.468166, 48.841068], [2.467766, 48.841431], [2.467186, 48.841877], [2.466753, 48.842186], [2.46599, 48.842632], [2.465379, 48.842972], [2.46518, 48.843071], [2.464429, 48.843418], [2.464242, 48.843498], [2.46366, 48.843719], [2.463445, 48.8438], [2.463013, 48.843945], [2.463013, 48.843945], [2.462289, 48.844151], [2.461819, 48.844269], [2.461274, 48.844395], [2.45556, 48.845451], [2.453154, 48.845905], [2.451927, 48.846127], [2.451514, 48.846195], [2.450848, 48.846287], [2.450525, 48.846317], [2.448207, 48.846581], [2.447589, 48.846642], [2.44691, 48.846691], [2.444696, 48.846821], [2.442403, 48.846916], [2.440686, 48.847023], [2.434161, 48.847275], [2.431278, 48.847363], [2.431278, 48.847363], [2.430342, 48.847385], [2.42966, 48.84737], [2.429026, 48.847332], [2.428492, 48.847282], [2.428191, 48.847244], [2.427238, 48.847092], [2.426626, 48.846962], [2.426054, 48.846813], [2.425477, 48.846638], [2.424742, 48.846375], [2.424252, 48.846172], [2.423994, 48.846054], [2.421912, 48.845051], [2.420758, 48.844505], [2.420247, 48.844284], [2.419769, 48.844109], [2.418792, 48.843822], [2.418547, 48.843761], [2.418295, 48.843716], [2.417919, 48.84367], [2.417678, 48.843651], [2.417469, 48.843647], [2.416764, 48.843647], [2.416107, 48.843662], [2.414521, 48.8438], [2.412596, 48.844017], [2.410232, 48.844261], [2.40751, 48.844429], [2.405706, 48.844517], [2.404778, 48.844604], [2.403969, 48.844704], [2.403176, 48.844845], [2.402393, 48.845089], [2.401828, 48.845341], [2.401375, 48.845596], [2.398861, 48.847424], [2.398665, 48.847534], [2.398421, 48.847649], [2.398088, 48.847767], [2.397531, 48.8479], [2.395042, 48.848427], [2.395042, 48.848427], [2.394177, 48.848606], [2.391972, 48.848988], [2.391594, 48.849041], [2.391177, 48.849075], [2.390591, 48.849098], [2.38998, 48.849094], [2.389207, 48.849052], [2.388623, 48.849003], [2.388232, 48.848942], [2.387826, 48.848839], [2.387127, 48.848606], [2.386537, 48.848358], [2.386061, 48.848103], [2.385655, 48.84782], [2.385319, 48.847572], [2.385018, 48.847279], [2.384614, 48.846775], [2.383019, 48.844505], [2.382807, 48.844234], [2.382517, 48.843929], [2.382204, 48.843636], [2.381742, 48.8433], [2.381153, 48.842937], [2.380592, 48.842579], [2.380364, 48.842445], [2.380034, 48.842293], [2.379706, 48.842175], [2.379325, 48.842083], [2.378945, 48.842022], [2.378615, 48.841991], [2.378275, 48.841991], [2.37741, 48.842102], [2.376956, 48.842201], [2.376465, 48.842342], [2.375987, 48.842499], [2.375544, 48.842686], [2.375057, 48.842934], [2.374174, 48.843407], [2.374174, 48.843407], [2.372825, 48.844162], [2.372488, 48.844364], [2.372124, 48.844604], [2.370878, 48.845524], [2.363133, 48.85144], [2.361814, 48.852264], [2.360649, 48.852879], [2.359332, 48.853485], [2.358171, 48.853954], [2.350975, 48.856445], [2.349805, 48.857014], [2.34873, 48.857704], [2.347946, 48.858494], [2.347355, 48.859455], [2.347056, 48.860435], [2.346188, 48.862461], [2.346188, 48.862461], [2.346129, 48.862598], [2.345945, 48.863277], [2.345793, 48.86377], [2.345371, 48.865368], [2.345122, 48.865986], [2.344713, 48.866619], [2.344295, 48.867008], [2.343833, 48.867348], [2.343306, 48.867653], [2.342514, 48.868027], [2.341272, 48.868462], [2.339204, 48.86903], [2.334676, 48.870018], [2.33347, 48.87035], [2.332595, 48.870689], [2.331884, 48.87104], [2.331136, 48.871452], [2.328628, 48.872864], [2.328628, 48.872864], [2.327964, 48.873238], [2.32746, 48.873489], [2.32703, 48.873638], [2.326577, 48.873756], [2.32616, 48.873848], [2.325721, 48.873928], [2.316675, 48.875122], [2.315783, 48.875198], [2.314745, 48.87521], [2.31276, 48.875156], [2.307068, 48.874928], [2.305588, 48.874805], [2.302308, 48.874439], [2.298879, 48.874069], [2.298378, 48.874035], [2.297884, 48.874027], [2.297387, 48.874035], [2.296895, 48.874065], [2.296335, 48.874115], [2.294056, 48.874332], [2.294056, 48.874332], [2.292217, 48.874531], [2.291729, 48.874626], [2.291223, 48.874748], [2.260306, 48.884586], [2.259691, 48.8848], [2.258874, 48.885197], [2.258321, 48.885498], [2.257833, 48.885777], [2.256592, 48.88652], [2.256033, 48.886806], [2.25536, 48.887096], [2.254586, 48.887386], [2.253106, 48.887749], [2.25213, 48.887928], [2.251206, 48.888065], [2.250395, 48.88818], [2.250067, 48.888218], [2.249422, 48.888332], [2.248712, 48.888493], [2.248013, 48.888683], [2.243937, 48.889992], [2.242423, 48.890411], [2.241093, 48.890705], [2.240644, 48.8908], [2.238235, 48.89156], [2.238235, 48.89156], [2.236452, 48.892124], [2.235543, 48.892399], [2.234403, 48.892673], [2.233519, 48.892868], [2.232473, 48.893021], [2.231605, 48.893055], [2.230318, 48.893066], [2.229645, 48.893078], [2.228685, 48.893147], [2.227988, 48.893246], [2.227328, 48.893417], [2.226599, 48.893635], [2.225773, 48.893967], [2.224808, 48.894501], [2.224281, 48.894775], [2.223772, 48.895088], [2.223374, 48.895428], [2.223207, 48.895584], [2.222933, 48.895824], [2.222933, 48.895824], [2.22117, 48.897373], [2.220733, 48.897663], [2.22021, 48.897919], [2.21963, 48.898159], [2.219211, 48.8983], [2.218769, 48.898438], [2.218352, 48.898525], [2.216394, 48.899071], [2.214568, 48.899532], [2.21186, 48.90015], [2.211306, 48.900265], [2.209695, 48.900604], [2.208701, 48.900803], [2.208277, 48.900902], [2.207734, 48.901047], [2.207016, 48.901272], [2.205776, 48.901718], [2.205341, 48.901863], [2.200391, 48.903461], [2.199895, 48.903652], [2.19968, 48.903744], [2.199094, 48.90403], [2.198682, 48.904266], [2.198364, 48.904476], [2.198227, 48.904575], [2.197896, 48.904835], [2.197729, 48.904984], [2.197557, 48.905151], [2.197328, 48.905388], [2.197178, 48.905571], [2.196943, 48.905891], [2.196787, 48.906128], [2.196683, 48.9063], [2.196495, 48.906643], [2.196362, 48.906902], [2.196151, 48.907368], [2.196013, 48.907726], [2.195882, 48.908108], [2.195762, 48.908543], [2.195695, 48.90884], [2.195624, 48.909233], [2.195606, 48.909363], [2.195565, 48.909855], [2.19556, 48.910023], [2.195587, 48.910477], [2.19561, 48.910629], [2.195704, 48.911076], [2.195799, 48.911419], [2.195894, 48.911812], [2.19594, 48.912067], [2.195984, 48.912445], [2.195988, 48.912567], [2.195984, 48.9128], [2.195961, 48.913059], [2.195937, 48.913212], [2.195889, 48.913425], [2.19579, 48.913757], [2.195692, 48.914005], [2.195586, 48.914223], [2.195389, 48.914562], [2.195121, 48.914936], [2.194789, 48.915306], [2.19453, 48.915558], [2.194158, 48.915855], [2.193721, 48.916168], [2.19338, 48.916374], [2.193024, 48.916561], [2.192569, 48.916786], [2.189629, 48.918163], [2.188, 48.918938], [2.187239, 48.919277], [2.186482, 48.91959], [2.185723, 48.919922], [2.185113, 48.920223], [2.185113, 48.920223], [2.184644, 48.920467], [2.18387, 48.920914], [2.183227, 48.921291], [2.182808, 48.921524], [2.18225, 48.921822], [2.180166, 48.92284], [2.179275, 48.923309], [2.178271, 48.923862], [2.177932, 48.924057], [2.177624, 48.924236], [2.177098, 48.924557], [2.176713, 48.924816], [2.174602, 48.926174], [2.173849, 48.926682], [2.173249, 48.92712], [2.17282, 48.927414], [2.171667, 48.928154], [2.171096, 48.928535], [2.168925, 48.929943], [2.168257, 48.930397], [2.166968, 48.931297], [2.16611, 48.931877], [2.163314, 48.933693], [2.161373, 48.934925], [2.159801, 48.935951], [2.158573, 48.93671], [2.157143, 48.937565], [2.157143, 48.937565], [2.153896, 48.939518], [2.153185, 48.939964], [2.151458, 48.941071], [2.150171, 48.941914], [2.149502, 48.942379], [2.148283, 48.943295], [2.147265, 48.944019], [2.146113, 48.944775], [2.143905, 48.94619], [2.143905, 48.94619], [2.142741, 48.946945], [2.141247, 48.947948], [2.140376, 48.948521], [2.137689, 48.95026], [2.137163, 48.950588], [2.13438, 48.9524], [2.13187, 48.954018], [2.131488, 48.954258], [2.130247, 48.954983], [2.129807, 48.955231], [2.129223, 48.955544], [2.128565, 48.95586], [2.126875, 48.956604], [2.126177, 48.956947], [2.125209, 48.957485], [2.124644, 48.957787], [2.124448, 48.957882], [2.124061, 48.958057], [2.123577, 48.958252], [2.123049, 48.958443], [2.1222, 48.958706], [2.121462, 48.958904], [2.120634, 48.959099], [2.119787, 48.959278], [2.116873, 48.95985], [2.116483, 48.959915], [2.115776, 48.960026], [2.115323, 48.960087], [2.114727, 48.960152], [2.112871, 48.960331], [2.112069, 48.960384], [2.111397, 48.960403], [2.110274, 48.960403], [2.109335, 48.960373], [2.106228, 48.960201], [2.105956, 48.960178], [2.105458, 48.960121], [2.10504, 48.960056], [2.104358, 48.95993], [2.103932, 48.959877], [2.101827, 48.959454], [2.101486, 48.95937], [2.100819, 48.959183], [2.099485, 48.958767], [2.096569, 48.957825], [2.095937, 48.957607], [2.095641, 48.957485], [2.095253, 48.957314], [2.093601, 48.956467], [2.093404, 48.956379], [2.092993, 48.956223], [2.092624, 48.956097], [2.090887, 48.95562], [2.090631, 48.955566], [2.089557, 48.955395], [2.08932, 48.955364], [2.088928, 48.95533], [2.088447, 48.955318], [2.088236, 48.955322], [2.087803, 48.955345], [2.087366, 48.955391], [2.086847, 48.955467], [2.086489, 48.95554], [2.086066, 48.955643], [2.085665, 48.955765], [2.085221, 48.955929], [2.084849, 48.956097], [2.084449, 48.956303], [2.084072, 48.95652], [2.083643, 48.956787], [2.083299, 48.957016], [2.082972, 48.957264], [2.082702, 48.957504], [2.082423, 48.957787], [2.082246, 48.957996], [2.081982, 48.958351], [2.081698, 48.958763], [2.08129, 48.959385], [2.080919, 48.960003], [2.079099, 48.963116], [2.078932, 48.963406], [2.078699, 48.963844], [2.078593, 48.964058], [2.078428, 48.964428], [2.078262, 48.96484], [2.07817, 48.965099], [2.078062, 48.965435], [2.077919, 48.965965], [2.077677, 48.967129], [2.077641, 48.967445], [2.077621, 48.967976], [2.077624, 48.968311], [2.077712, 48.970642], [2.077712, 48.970642], [2.078018, 48.97897], [2.078013, 48.979538], [2.077976, 48.980064], [2.07793, 48.980515], [2.077892, 48.980793], [2.077812, 48.981266], [2.077771, 48.981468], [2.077601, 48.982155], [2.077486, 48.982571], [2.077299, 48.983147], [2.077114, 48.983624], [2.076852, 48.984196], [2.07412, 48.989746], [2.073976, 48.990082], [2.073912, 48.990246], [2.073819, 48.990536], [2.073716, 48.990959], [2.073627, 48.991512], [2.073627, 48.991512], [2.073316, 48.993881], [2.073282, 48.994267], [2.07327, 48.994537], [2.073279, 48.994968], [2.073293, 48.995171], [2.073448, 48.996834], [2.073466, 48.997215], [2.073457, 48.997604], [2.073442, 48.997791], [2.073353, 48.998589], [2.073229, 48.999611], [2.073175, 49.000206], [2.073165, 49.000401], [2.073165, 49.000721], [2.073186, 49.001114], [2.073231, 49.001499], [2.073376, 49.002335], [2.073472, 49.002796], [2.073572, 49.003407], [2.073716, 49.004467], [2.073823, 49.005085], [2.073892, 49.005394], [2.074, 49.005775], [2.07417, 49.006264], [2.074286, 49.00655], [2.074512, 49.00703], [2.074743, 49.007454], [2.074948, 49.007793], [2.075201, 49.008171], [2.075348, 49.008369], [2.075503, 49.008575], [2.07576, 49.008884], [2.076099, 49.00927], [2.077269, 49.010509], [2.077612, 49.010906], [2.077714, 49.011044], [2.077944, 49.011417], [2.078062, 49.01165], [2.07818, 49.011944], [2.07827, 49.012245], [2.078318, 49.012489], [2.078348, 49.012768], [2.078355, 49.01302], [2.07835, 49.01318], [2.078289, 49.013954], [2.078289, 49.013954], [2.078266, 49.014248], [2.078269, 49.01458], [2.078284, 49.014778], [2.078335, 49.01511], [2.078402, 49.015358], [2.078442, 49.015472], [2.078573, 49.015789], [2.078645, 49.015934], [2.078727, 49.016075], [2.078858, 49.016277], [2.079052, 49.016537], [2.079269, 49.016792], [2.079437, 49.01696], [2.079609, 49.017124], [2.079785, 49.017273], [2.080094, 49.017509], [2.080462, 49.017754], [2.080999, 49.018078], [2.082823, 49.019142], [2.083634, 49.01963], [2.084474, 49.020107], [2.085388, 49.020638], [2.086412, 49.021149], [2.087335, 49.021622], [2.087506, 49.021717], [2.087908, 49.021969], [2.088241, 49.022209], [2.088578, 49.022495], [2.088841, 49.022758], [2.089089, 49.023045], [2.089333, 49.023384], [2.089534, 49.023705], [2.090196, 49.024868], [2.090482, 49.025391], [2.09072, 49.025864], [2.09087, 49.026184], [2.090983, 49.026447], [2.091067, 49.02668], [2.09117, 49.027016], [2.091229, 49.027309], [2.091245, 49.027443], [2.091261, 49.027737], [2.091257, 49.027905], [2.091246, 49.028042], [2.091221, 49.028217], [2.091165, 49.028492], [2.091125, 49.028633], [2.091058, 49.028824], [2.090949, 49.029083], [2.090846, 49.029278], [2.090784, 49.029388], [2.090607, 49.029663], [2.09051, 49.029793], [2.09041, 49.029911], [2.090229, 49.030113], [2.090003, 49.030342], [2.089661, 49.030632], [2.089209, 49.030956], [2.088791, 49.031212], [2.088576, 49.031334], [2.088071, 49.031574], [2.083673, 49.033875], [2.083019, 49.034222], [2.08096, 49.035351], [2.080508, 49.035622], [2.078738, 49.036865], [2.078738, 49.036865], [2.076507, 49.038521], [2.074749, 49.039856], [2.07315, 49.041012], [2.072994, 49.041138], [2.07246, 49.041607], [2.072186, 49.041893], [2.071544, 49.042606], [2.071273, 49.042942], [2.070234, 49.044121], [2.069971, 49.044388], [2.069676, 49.044655], [2.069421, 49.044853], [2.06912, 49.045067], [2.068857, 49.045242], [2.068524, 49.045444], [2.068291, 49.04557], [2.067926, 49.04575], [2.067577, 49.045891], [2.067167, 49.046047], [2.066773, 49.046173], [2.066239, 49.046322], [2.064956, 49.046635], [2.064314, 49.046776], [2.063703, 49.046883], [2.063312, 49.046936], [2.06292, 49.04697], [2.062352, 49.046997], [2.060506, 49.047058], [2.059868, 49.047096], [2.059347, 49.047142], [2.033257, 49.049728], [2.033257, 49.049728], [2.020986, 49.050945], [2.020352, 49.050999], [2.019696, 49.051029], [2.019323, 49.051033], [2.018924, 49.051025], [2.01826, 49.050995], [2.017795, 49.050949], [2.017462, 49.050911], [2.017027, 49.050842], [2.016684, 49.050774], [2.01628, 49.050682], [2.015844, 49.050564], [2.015585, 49.050484], [2.014918, 49.050247], [2.014463, 49.050049], [2.014181, 49.049911], [2.013857, 49.04974], [2.013214, 49.049351], [2.01175, 49.04834]]}, "properties": {"id": "rer-a", "branchId": "rer-a::2", "termini": "Boissy-Saint-Léger - Cergy le Haut", "source": "Ile-de-France Mobilites GTFS (data.iledefrance-mobilites.fr), Mobility License"}}, {"type": "Feature", "geometry": {"type": "LineString", "coordinates": [[2.782354, 48.869911], [2.782155, 48.868763], [2.781759, 48.867023], [2.781603, 48.866074], [2.781502, 48.865551], [2.78091, 48.862038], [2.780857, 48.861771], [2.780767, 48.861385], [2.780722, 48.861221], [2.780531, 48.860733], [2.780257, 48.86021], [2.780088, 48.85994], [2.779888, 48.859676], [2.779747, 48.859501], [2.779422, 48.859135], [2.779176, 48.858883], [2.778901, 48.858646], [2.778585, 48.858398], [2.778271, 48.858162], [2.777577, 48.857731], [2.777205, 48.857513], [2.776871, 48.857334], [2.77479, 48.856136], [2.772583, 48.854889], [2.772583, 48.854889], [2.771971, 48.854553], [2.767912, 48.852242], [2.76723, 48.851868], [2.766951, 48.851727], [2.76619, 48.851372], [2.76562, 48.851124], [2.765252, 48.850975], [2.764563, 48.850716], [2.764092, 48.850552], [2.763645, 48.850403], [2.763229, 48.850273], [2.762305, 48.850018], [2.761919, 48.849918], [2.76102, 48.849724], [2.756491, 48.848782], [2.755763, 48.848621], [2.754528, 48.84832], [2.754016, 48.848186], [2.752736, 48.84782], [2.752033, 48.847599], [2.751354, 48.84737], [2.750769, 48.847168], [2.749554, 48.846706], [2.748717, 48.846363], [2.748119, 48.846104], [2.747342, 48.845749], [2.740497, 48.842472], [2.738416, 48.841484], [2.738007, 48.841297], [2.737326, 48.841007], [2.736345, 48.84063], [2.736079, 48.84053], [2.735315, 48.840271], [2.734699, 48.84008], [2.733818, 48.839832], [2.732965, 48.839615], [2.732344, 48.839474], [2.731169, 48.839241], [2.730531, 48.839134], [2.729929, 48.839043], [2.729312, 48.838963], [2.709902, 48.836636], [2.709902, 48.836636], [2.694225, 48.834751], [2.692528, 48.834557], [2.692026, 48.834507], [2.691747, 48.834492], [2.690777, 48.834438], [2.689805, 48.834457], [2.689165, 48.834484], [2.688566, 48.83453], [2.687964, 48.834595], [2.687212, 48.834705], [2.686646, 48.834808], [2.686137, 48.834911], [2.685571, 48.835049], [2.685048, 48.835186], [2.684579, 48.835323], [2.683892, 48.83556], [2.683295, 48.835789], [2.682581, 48.836098], [2.682127, 48.836319], [2.675367, 48.839882], [2.674577, 48.840282], [2.674318, 48.840397], [2.67405, 48.840508], [2.673558, 48.840691], [2.672981, 48.840874], [2.672383, 48.841026], [2.67189, 48.841129], [2.671354, 48.841217], [2.671084, 48.841251], [2.67053, 48.841309], [2.669974, 48.841339], [2.669371, 48.841347], [2.669066, 48.841343], [2.668563, 48.841316], [2.668001, 48.841267], [2.667742, 48.841236], [2.66723, 48.84116], [2.665359, 48.840794], [2.664762, 48.840698], [2.664147, 48.840614], [2.660855, 48.840244], [2.660259, 48.840183], [2.659068, 48.840084], [2.658325, 48.840012], [2.654389, 48.839554], [2.654389, 48.839554], [2.652902, 48.83939], [2.645587, 48.838554], [2.643196, 48.838295], [2.642636, 48.838245], [2.64208, 48.838207], [2.641371, 48.838181], [2.640507, 48.838173], [2.639663, 48.838196], [2.639343, 48.838211], [2.63852, 48.838272], [2.637681, 48.83836], [2.636858, 48.838474], [2.63652, 48.838528], [2.635681, 48.838692], [2.633026, 48.839252], [2.633026, 48.839252], [2.631205, 48.839638], [2.630726, 48.839752], [2.630215, 48.83989], [2.629781, 48.840019], [2.629062, 48.840282], [2.628122, 48.840668], [2.627408, 48.84095], [2.627092, 48.841068], [2.625929, 48.841526], [2.623378, 48.842552], [2.622627, 48.842812], [2.622359, 48.842892], [2.621724, 48.843063], [2.62104, 48.843216], [2.620412, 48.843327], [2.620074, 48.84338], [2.619144, 48.843479], [2.618841, 48.843498], [2.617993, 48.843521], [2.617702, 48.843521], [2.616394, 48.843483], [2.616394, 48.843483], [2.614944, 48.843445], [2.613413, 48.843422], [2.61103, 48.843357], [2.610399, 48.843323], [2.609705, 48.843258], [2.609147, 48.843197], [2.608522, 48.843102], [2.605181, 48.842491], [2.604352, 48.842346], [2.603819, 48.842258], [2.603212, 48.842178], [2.602579, 48.84211], [2.602031, 48.842068], [2.6014, 48.842033], [2.600791, 48.84203], [2.60024, 48.842041], [2.599351, 48.842083], [2.598738, 48.842136], [2.598238, 48.842186], [2.590752, 48.843113], [2.589478, 48.84325], [2.588761, 48.843307], [2.588137, 48.843338], [2.587326, 48.843357], [2.586783, 48.843361], [2.585679, 48.843338], [2.585088, 48.843311], [2.584285, 48.843258], [2.580106, 48.842873], [2.580106, 48.842873], [2.578469, 48.842716], [2.574902, 48.842392], [2.573567, 48.842255], [2.572839, 48.842163], [2.572114, 48.842056], [2.569436, 48.84161], [2.56838, 48.841454], [2.567739, 48.841377], [2.566767, 48.841282], [2.563434, 48.840969], [2.562471, 48.840919], [2.559164, 48.840836], [2.553409, 48.840782], [2.551034, 48.840694], [2.550168, 48.840679], [2.547754, 48.840679], [2.547754, 48.840679], [2.543181, 48.840679], [2.540643, 48.840691], [2.538897, 48.84071], [2.534382, 48.840668], [2.533804, 48.840679], [2.533357, 48.840702], [2.532926, 48.84074], [2.532167, 48.840858], [2.531678, 48.840961], [2.531136, 48.841103], [2.530857, 48.84119], [2.530652, 48.841263], [2.530433, 48.841343], [2.530027, 48.841515], [2.529587, 48.841732], [2.529373, 48.84185], [2.529176, 48.841969], [2.528941, 48.842121], [2.528575, 48.842381], [2.528412, 48.842525], [2.528264, 48.842674], [2.527473, 48.843407], [2.526934, 48.843925], [2.526479, 48.844341], [2.526187, 48.84462], [2.526187, 48.84462], [2.52591, 48.844879], [2.525657, 48.845104], [2.524697, 48.846004], [2.524376, 48.846287], [2.524196, 48.846436], [2.523924, 48.846642], [2.523542, 48.846905], [2.523041, 48.847198], [2.522565, 48.84745], [2.520966, 48.84827], [2.518026, 48.849751], [2.517279, 48.850182], [2.516966, 48.85038], [2.516606, 48.850636], [2.516357, 48.8508], [2.516132, 48.850975], [2.51564, 48.851406], [2.51546, 48.851566], [2.515117, 48.851898], [2.51458, 48.852516], [2.51458, 48.852516], [2.513809, 48.853432], [2.513187, 48.854153], [2.512892, 48.854443], [2.512592, 48.854702], [2.512401, 48.854851], [2.512194, 48.855], [2.51178, 48.855247], [2.51131, 48.855488], [2.511037, 48.85561], [2.510501, 48.855816], [2.510228, 48.855907], [2.509718, 48.856049], [2.509185, 48.856167], [2.508271, 48.856316], [2.500562, 48.857349], [2.499954, 48.85741], [2.499346, 48.857449], [2.498762, 48.857464], [2.498458, 48.857464], [2.497874, 48.857449], [2.497003, 48.857384], [2.496696, 48.857353], [2.495992, 48.857258], [2.495697, 48.857204], [2.495069, 48.857079], [2.494758, 48.857002], [2.494137, 48.856831], [2.493544, 48.856644], [2.493011, 48.856445], [2.492724, 48.856323], [2.4923, 48.856136], [2.491786, 48.855881], [2.491326, 48.855621], [2.489859, 48.854763], [2.489543, 48.854565], [2.488399, 48.853893], [2.488399, 48.853893], [2.486793, 48.852947], [2.48194, 48.850121], [2.479425, 48.848843], [2.477999, 48.848183], [2.476618, 48.847507], [2.473616, 48.846092], [2.471813, 48.845203], [2.47134, 48.844963], [2.470862, 48.844707], [2.470365, 48.844425], [2.469948, 48.844208], [2.469581, 48.84404], [2.469222, 48.843906], [2.468867, 48.843819], [2.468343, 48.843708], [2.467563, 48.843586], [2.467185, 48.843544], [2.466808, 48.843521], [2.466407, 48.843525], [2.46594, 48.843563], [2.46469, 48.843754], [2.463152, 48.844021], [2.462631, 48.844128], [2.461171, 48.844463], [2.456953, 48.845253], [2.455831, 48.84547], [2.454983, 48.845619], [2.454158, 48.845741], [2.453154, 48.845905], [2.451927, 48.846127], [2.451514, 48.846195], [2.450848, 48.846287], [2.450525, 48.846317], [2.448207, 48.846581], [2.447589, 48.846642], [2.44691, 48.846691], [2.444696, 48.846821], [2.442403, 48.846916], [2.440686, 48.847023], [2.434161, 48.847275], [2.431278, 48.847363], [2.431278, 48.847363], [2.430342, 48.847385], [2.42966, 48.84737], [2.429026, 48.847332], [2.428492, 48.847282], [2.428191, 48.847244], [2.427238, 48.847092], [2.426626, 48.846962], [2.426054, 48.846813], [2.425477, 48.846638], [2.424742, 48.846375], [2.424252, 48.846172], [2.423994, 48.846054], [2.421912, 48.845051], [2.420758, 48.844505], [2.420247, 48.844284], [2.419769, 48.844109], [2.418792, 48.843822], [2.418547, 48.843761], [2.418295, 48.843716], [2.417919, 48.84367], [2.417678, 48.843651], [2.417469, 48.843647], [2.416764, 48.843647], [2.416107, 48.843662], [2.414521, 48.8438], [2.412596, 48.844017], [2.410232, 48.844261], [2.40751, 48.844429], [2.405706, 48.844517], [2.404778, 48.844604], [2.403969, 48.844704], [2.403176, 48.844845], [2.402393, 48.845089], [2.401828, 48.845341], [2.401375, 48.845596], [2.398861, 48.847424], [2.398665, 48.847534], [2.398421, 48.847649], [2.398088, 48.847767], [2.397531, 48.8479], [2.395042, 48.848427], [2.395042, 48.848427], [2.394177, 48.848606], [2.391972, 48.848988], [2.391594, 48.849041], [2.391177, 48.849075], [2.390591, 48.849098], [2.38998, 48.849094], [2.389207, 48.849052], [2.388623, 48.849003], [2.388232, 48.848942], [2.387826, 48.848839], [2.387127, 48.848606], [2.386537, 48.848358], [2.386061, 48.848103], [2.385655, 48.84782], [2.385319, 48.847572], [2.385018, 48.847279], [2.384614, 48.846775], [2.383019, 48.844505], [2.382807, 48.844234], [2.382517, 48.843929], [2.382204, 48.843636], [2.381742, 48.8433], [2.381153, 48.842937], [2.380592, 48.842579], [2.380364, 48.842445], [2.380034, 48.842293], [2.379706, 48.842175], [2.379325, 48.842083], [2.378945, 48.842022], [2.378615, 48.841991], [2.378275, 48.841991], [2.37741, 48.842102], [2.376956, 48.842201], [2.376465, 48.842342], [2.375987, 48.842499], [2.375544, 48.842686], [2.375057, 48.842934], [2.374174, 48.843407], [2.374174, 48.843407], [2.372825, 48.844162], [2.372488, 48.844364], [2.372124, 48.844604], [2.370878, 48.845524], [2.363133, 48.85144], [2.361814, 48.852264], [2.360649, 48.852879], [2.359332, 48.853485], [2.358171, 48.853954], [2.350975, 48.856445], [2.349805, 48.857014], [2.34873, 48.857704], [2.347946, 48.858494], [2.347355, 48.859455], [2.347056, 48.860435], [2.346188, 48.862461], [2.346188, 48.862461], [2.346129, 48.862598], [2.345945, 48.863277], [2.345793, 48.86377], [2.345371, 48.865368], [2.345122, 48.865986], [2.344713, 48.866619], [2.344295, 48.867008], [2.343833, 48.867348], [2.343306, 48.867653], [2.342514, 48.868027], [2.341272, 48.868462], [2.339204, 48.86903], [2.334676, 48.870018], [2.33347, 48.87035], [2.332595, 48.870689], [2.331884, 48.87104], [2.331136, 48.871452], [2.328628, 48.872864], [2.328628, 48.872864], [2.327964, 48.873238], [2.32746, 48.873489], [2.32703, 48.873638], [2.326577, 48.873756], [2.32616, 48.873848], [2.325721, 48.873928], [2.316675, 48.875122], [2.315783, 48.875198], [2.314745, 48.87521], [2.31276, 48.875156], [2.307068, 48.874928], [2.305588, 48.874805], [2.302308, 48.874439], [2.298879, 48.874069], [2.298378, 48.874035], [2.297884, 48.874027], [2.297387, 48.874035], [2.296895, 48.874065], [2.296335, 48.874115], [2.294056, 48.874332], [2.294056, 48.874332], [2.292217, 48.874531], [2.291729, 48.874626], [2.291223, 48.874748], [2.260306, 48.884586], [2.259691, 48.8848], [2.258874, 48.885197], [2.258321, 48.885498], [2.257833, 48.885777], [2.256592, 48.88652], [2.256033, 48.886806], [2.25536, 48.887096], [2.254586, 48.887386], [2.253106, 48.887749], [2.25213, 48.887928], [2.251206, 48.888065], [2.250395, 48.88818], [2.250067, 48.888218], [2.249422, 48.888332], [2.248712, 48.888493], [2.248013, 48.888683], [2.243937, 48.889992], [2.242423, 48.890411], [2.241093, 48.890705], [2.240644, 48.8908], [2.238235, 48.89156], [2.238235, 48.89156], [2.236452, 48.892124], [2.235543, 48.892399], [2.234403, 48.892673], [2.233519, 48.892868], [2.232473, 48.893021], [2.231605, 48.893055], [2.230318, 48.893066], [2.229645, 48.893078], [2.228685, 48.893147], [2.227988, 48.893246], [2.227328, 48.893417], [2.226599, 48.893635], [2.225773, 48.893967], [2.224808, 48.894501], [2.223833, 48.89513], [2.223419, 48.895466], [2.223269, 48.895611], [2.222973, 48.89587], [2.222973, 48.89587], [2.221233, 48.897392], [2.220905, 48.897728], [2.220701, 48.897957], [2.220583, 48.898136], [2.220407, 48.898483], [2.220245, 48.898842], [2.220159, 48.899082], [2.219925, 48.899658], [2.219609, 48.900322], [2.219465, 48.90065], [2.219272, 48.901051], [2.219123, 48.901306], [2.218934, 48.90155], [2.218702, 48.90176], [2.218301, 48.901928], [2.218154, 48.901974], [2.217975, 48.902016], [2.217694, 48.902058], [2.21749, 48.902069], [2.21728, 48.902069], [2.21699, 48.902042], [2.216688, 48.901985], [2.216386, 48.901897], [2.215913, 48.901737], [2.215152, 48.901436], [2.213659, 48.900955], [2.213659, 48.900955], [2.210693, 48.900051], [2.209632, 48.899746], [2.208048, 48.899246], [2.195115, 48.895027], [2.195115, 48.895027], [2.189078, 48.893059], [2.187212, 48.89241], [2.18635, 48.892139], [2.183309, 48.891144], [2.180373, 48.890224], [2.179552, 48.889942], [2.178483, 48.889561], [2.175074, 48.888424], [2.174009, 48.888054], [2.171557, 48.887234], [2.171557, 48.887234], [2.171091, 48.887096], [2.170725, 48.887009], [2.169981, 48.88681], [2.169047, 48.886589], [2.168011, 48.886375], [2.16661, 48.886105], [2.165685, 48.885948], [2.164852, 48.885826], [2.164077, 48.885727], [2.162697, 48.885567], [2.160706, 48.885319], [2.160034, 48.88525], [2.158947, 48.885185], [2.157598, 48.885151], [2.156863, 48.885162], [2.156217, 48.885189], [2.156217, 48.885189], [2.154349, 48.885262], [2.153207, 48.885326], [2.15235, 48.885403], [2.151595, 48.885483], [2.150433, 48.885632], [2.149906, 48.885712], [2.149248, 48.885826], [2.148749, 48.885914], [2.148195, 48.886024], [2.147675, 48.886131], [2.146866, 48.886318], [2.1464, 48.886436], [2.145628, 48.88665], [2.144771, 48.886902], [2.133091, 48.890533], [2.133091, 48.890533], [2.129734, 48.891575], [2.129326, 48.891708], [2.129051, 48.891808], [2.128491, 48.892036], [2.12781, 48.892342], [2.127003, 48.892754], [2.12655, 48.893009], [2.125925, 48.893406], [2.12547, 48.89373], [2.125142, 48.893993], [2.124826, 48.89426], [2.124436, 48.894611], [2.124205, 48.894844], [2.123974, 48.895092], [2.123655, 48.895466], [2.123206, 48.89608], [2.122987, 48.896431], [2.122796, 48.896866], [2.122524, 48.897377], [2.122183, 48.897915], [2.121975, 48.898193], [2.121975, 48.898193], [2.121789, 48.898426], [2.121603, 48.898628], [2.121283, 48.898926], [2.12095, 48.899208], [2.120594, 48.899555], [2.120224, 48.89986], [2.119857, 48.900127], [2.119233, 48.900543], [2.118704, 48.900864], [2.118271, 48.901096], [2.117899, 48.901283], [2.117095, 48.901646], [2.116398, 48.901917], [2.115492, 48.902229], [2.115262, 48.902298], [2.114746, 48.902443], [2.11444, 48.902519], [2.113885, 48.902641], [2.112466, 48.90292], [2.108113, 48.903679], [2.107461, 48.90377], [2.107083, 48.903812], [2.106225, 48.903877], [2.105606, 48.9039], [2.105067, 48.903904], [2.104378, 48.903904], [2.103724, 48.903881], [2.103063, 48.903824], [2.10192, 48.903656], [2.10039, 48.903355], [2.0994, 48.903107], [2.098943, 48.902969], [2.097734, 48.902554], [2.097244, 48.902351], [2.096932, 48.902203], [2.096642, 48.902039], [2.096348, 48.901855], [2.096086, 48.901657], [2.095862, 48.90147], [2.095683, 48.901299], [2.095492, 48.90107], [2.09537, 48.900814], [2.095331, 48.900707], [2.095233, 48.900337], [2.095115, 48.899693], [2.095045, 48.898914], [2.095039, 48.898571]]}, "properties": {"id": "rer-a", "branchId": "rer-a::3", "termini": "Marne-la-Vallée - Chessy - Saint-Germain-en-Laye", "source": "Ile-de-France Mobilites GTFS (data.iledefrance-mobilites.fr), Mobility License"}}, {"type": "Feature", "geometry": {"type": "LineString", "coordinates": [[2.504767, 48.752586], [2.506705, 48.756176], [2.507203, 48.75713], [2.507362, 48.757473], [2.507441, 48.757675], [2.507552, 48.758018], [2.5076, 48.758198], [2.507692, 48.758652], [2.507733, 48.758972], [2.507754, 48.759205], [2.507774, 48.75964], [2.507774, 48.759941], [2.507758, 48.760208], [2.50772, 48.760502], [2.50766, 48.760796], [2.507584, 48.761063], [2.507487, 48.76133], [2.507332, 48.761673], [2.507238, 48.761848], [2.507008, 48.762222], [2.506031, 48.763641], [2.505883, 48.763863], [2.505675, 48.764214], [2.505545, 48.764484], [2.505469, 48.764698], [2.505436, 48.764816], [2.505386, 48.765053], [2.505361, 48.765312], [2.505363, 48.765549], [2.505393, 48.765827], [2.505454, 48.76609], [2.505553, 48.766384], [2.505693, 48.76667], [2.505992, 48.767117], [2.506168, 48.767361], [2.506659, 48.767998], [2.506883, 48.768314], [2.507037, 48.768562], [2.50714, 48.768757], [2.507209, 48.768898], [2.507343, 48.769222], [2.507442, 48.76955], [2.507504, 48.769798], [2.50754, 48.770065], [2.507559, 48.770306], [2.507562, 48.770668], [2.507554, 48.770863], [2.507498, 48.771519], [2.507466, 48.772076], [2.507466, 48.772076], [2.50743, 48.7728], [2.507374, 48.773735], [2.507365, 48.774529], [2.507374, 48.77615], [2.507359, 48.776676], [2.507075, 48.781128], [2.507021, 48.782013], [2.506994, 48.782578], [2.506993, 48.782814], [2.507002, 48.7831], [2.507119, 48.78476], [2.507158, 48.785141], [2.507223, 48.785454], [2.507342, 48.785839], [2.50747, 48.786129], [2.507543, 48.78627], [2.507818, 48.786736], [2.509839, 48.789871], [2.510211, 48.790478], [2.511427, 48.792572], [2.511631, 48.792934], [2.512293, 48.794159], [2.512556, 48.794598], [2.512758, 48.794914], [2.512758, 48.794914], [2.513436, 48.795826], [2.514049, 48.796635], [2.51433, 48.797035], [2.514488, 48.797287], [2.514651, 48.797565], [2.514837, 48.797935], [2.514908, 48.7981], [2.51518, 48.798794], [2.515689, 48.800213], [2.515778, 48.800484], [2.515833, 48.800682], [2.515887, 48.800961], [2.515907, 48.801128], [2.515919, 48.801331], [2.515911, 48.801674], [2.515888, 48.801853], [2.515851, 48.802059], [2.5158, 48.802258], [2.515733, 48.802467], [2.515627, 48.802727], [2.515525, 48.802944], [2.515421, 48.803135], [2.515242, 48.803429], [2.51499, 48.803776], [2.514863, 48.803932], [2.514643, 48.804188], [2.514257, 48.804573], [2.513899, 48.804893], [2.513649, 48.805096], [2.513229, 48.805405], [2.512782, 48.805698], [2.512387, 48.805931], [2.512016, 48.806129], [2.511645, 48.806316], [2.510774, 48.806679], [2.510334, 48.806835], [2.509994, 48.80695], [2.509994, 48.80695], [2.508902, 48.80727], [2.508338, 48.807423], [2.507756, 48.80756], [2.507405, 48.807629], [2.506875, 48.807701], [2.50651, 48.807743], [2.506108, 48.807774], [2.505324, 48.807796], [2.504542, 48.807777], [2.504189, 48.807758], [2.503464, 48.807697], [2.503112, 48.807652], [2.494859, 48.80648], [2.489983, 48.805824], [2.486928, 48.80542], [2.485675, 48.805264], [2.485675, 48.805264], [2.483209, 48.804955], [2.482434, 48.804893], [2.481677, 48.804867], [2.480886, 48.804867], [2.480047, 48.804909], [2.479664, 48.804935], [2.478449, 48.805061], [2.477728, 48.805164], [2.476088, 48.805408], [2.474924, 48.805603], [2.474541, 48.805683], [2.474172, 48.805767], [2.473463, 48.805962], [2.472965, 48.806114], [2.472608, 48.806236], [2.472237, 48.806377], [2.472237, 48.806377], [2.471882, 48.806515], [2.471496, 48.806679], [2.47119, 48.806828], [2.470649, 48.807098], [2.470326, 48.807274], [2.469767, 48.807621], [2.469475, 48.807812], [2.469228, 48.807991], [2.468699, 48.808411], [2.468465, 48.808613], [2.468254, 48.808811], [2.467857, 48.809223], [2.467695, 48.809414], [2.467332, 48.809921], [2.466811, 48.810772], [2.466185, 48.811871], [2.464873, 48.814075], [2.464736, 48.814358], [2.46447, 48.814865], [2.464244, 48.81535], [2.464027, 48.815914], [2.463831, 48.816582], [2.463767, 48.816883], [2.463623, 48.817764], [2.463566, 48.818176], [2.463504, 48.818851], [2.4635, 48.819187], [2.463519, 48.82032], [2.463552, 48.820599], [2.463603, 48.820877], [2.463603, 48.820877], [2.463691, 48.821205], [2.463794, 48.821484], [2.463917, 48.821754], [2.464063, 48.822044], [2.464783, 48.823277], [2.464953, 48.823624], [2.465075, 48.823849], [2.465244, 48.824314], [2.465392, 48.8246], [2.465717, 48.825432], [2.466279, 48.826935], [2.466414, 48.827248], [2.466616, 48.827637], [2.466736, 48.827847], [2.466858, 48.828045], [2.467149, 48.828457], [2.467284, 48.828621], [2.467604, 48.828976], [2.468066, 48.829414], [2.469445, 48.830627], [2.469674, 48.830841], [2.470094, 48.831276], [2.470306, 48.831516], [2.47063, 48.831921], [2.470918, 48.83234], [2.471141, 48.832737], [2.471513, 48.833546], [2.471647, 48.83392], [2.471728, 48.834267], [2.471782, 48.83469], [2.471791, 48.835197], [2.471791, 48.835197], [2.471733, 48.83564], [2.471535, 48.836514], [2.471453, 48.836781], [2.471354, 48.837059], [2.471225, 48.837334], [2.471081, 48.837612], [2.470921, 48.837891], [2.470549, 48.838459], [2.470381, 48.838673], [2.469859, 48.839272], [2.469351, 48.839813], [2.468823, 48.840393], [2.468363, 48.840881], [2.468166, 48.841068], [2.467766, 48.841431], [2.467186, 48.841877], [2.466753, 48.842186], [2.46599, 48.842632], [2.465379, 48.842972], [2.46518, 48.843071], [2.464429, 48.843418], [2.464242, 48.843498], [2.46366, 48.843719], [2.463445, 48.8438], [2.463013, 48.843945], [2.463013, 48.843945], [2.462289, 48.844151], [2.461819, 48.844269], [2.461274, 48.844395], [2.45556, 48.845451], [2.453154, 48.845905], [2.451927, 48.846127], [2.451514, 48.846195], [2.450848, 48.846287], [2.450525, 48.846317], [2.448207, 48.846581], [2.447589, 48.846642], [2.44691, 48.846691], [2.444696, 48.846821], [2.442403, 48.846916], [2.440686, 48.847023], [2.434161, 48.847275], [2.431278, 48.847363], [2.431278, 48.847363], [2.430342, 48.847385], [2.42966, 48.84737], [2.429026, 48.847332], [2.428492, 48.847282], [2.428191, 48.847244], [2.427238, 48.847092], [2.426626, 48.846962], [2.426054, 48.846813], [2.425477, 48.846638], [2.424742, 48.846375], [2.424252, 48.846172], [2.423994, 48.846054], [2.421912, 48.845051], [2.420758, 48.844505], [2.420247, 48.844284], [2.419769, 48.844109], [2.418792, 48.843822], [2.418547, 48.843761], [2.418295, 48.843716], [2.417919, 48.84367], [2.417678, 48.843651], [2.417469, 48.843647], [2.416764, 48.843647], [2.416107, 48.843662], [2.414521, 48.8438], [2.412596, 48.844017], [2.410232, 48.844261], [2.40751, 48.844429], [2.405706, 48.844517], [2.404778, 48.844604], [2.403969, 48.844704], [2.403176, 48.844845], [2.402393, 48.845089], [2.401828, 48.845341], [2.401375, 48.845596], [2.398861, 48.847424], [2.398665, 48.847534], [2.398421, 48.847649], [2.398088, 48.847767], [2.397531, 48.8479], [2.395042, 48.848427], [2.395042, 48.848427], [2.394177, 48.848606], [2.391972, 48.848988], [2.391594, 48.849041], [2.391177, 48.849075], [2.390591, 48.849098], [2.38998, 48.849094], [2.389207, 48.849052], [2.388623, 48.849003], [2.388232, 48.848942], [2.387826, 48.848839], [2.387127, 48.848606], [2.386537, 48.848358], [2.386061, 48.848103], [2.385655, 48.84782], [2.385319, 48.847572], [2.385018, 48.847279], [2.384614, 48.846775], [2.383019, 48.844505], [2.382807, 48.844234], [2.382517, 48.843929], [2.382204, 48.843636], [2.381742, 48.8433], [2.381153, 48.842937], [2.380592, 48.842579], [2.380364, 48.842445], [2.380034, 48.842293], [2.379706, 48.842175], [2.379325, 48.842083], [2.378945, 48.842022], [2.378615, 48.841991], [2.378275, 48.841991], [2.37741, 48.842102], [2.376956, 48.842201], [2.376465, 48.842342], [2.375987, 48.842499], [2.375544, 48.842686], [2.375057, 48.842934], [2.374174, 48.843407], [2.374174, 48.843407], [2.372825, 48.844162], [2.372488, 48.844364], [2.372124, 48.844604], [2.370878, 48.845524], [2.363133, 48.85144], [2.361814, 48.852264], [2.360649, 48.852879], [2.359332, 48.853485], [2.358171, 48.853954], [2.350975, 48.856445], [2.349805, 48.857014], [2.34873, 48.857704], [2.347946, 48.858494], [2.347355, 48.859455], [2.347056, 48.860435], [2.346188, 48.862461], [2.346188, 48.862461], [2.346129, 48.862598], [2.345945, 48.863277], [2.345793, 48.86377], [2.345371, 48.865368], [2.345122, 48.865986], [2.344713, 48.866619], [2.344295, 48.867008], [2.343833, 48.867348], [2.343306, 48.867653], [2.342514, 48.868027], [2.341272, 48.868462], [2.339204, 48.86903], [2.334676, 48.870018], [2.33347, 48.87035], [2.332595, 48.870689], [2.331884, 48.87104], [2.331136, 48.871452], [2.328628, 48.872864], [2.328628, 48.872864], [2.327964, 48.873238], [2.32746, 48.873489], [2.32703, 48.873638], [2.326577, 48.873756], [2.32616, 48.873848], [2.325721, 48.873928], [2.316675, 48.875122], [2.315783, 48.875198], [2.314745, 48.87521], [2.31276, 48.875156], [2.307068, 48.874928], [2.305588, 48.874805], [2.302308, 48.874439], [2.298879, 48.874069], [2.298378, 48.874035], [2.297884, 48.874027], [2.297387, 48.874035], [2.296895, 48.874065], [2.296335, 48.874115], [2.294056, 48.874332], [2.294056, 48.874332], [2.292217, 48.874531], [2.291729, 48.874626], [2.291223, 48.874748], [2.260306, 48.884586], [2.259691, 48.8848], [2.258874, 48.885197], [2.258321, 48.885498], [2.257833, 48.885777], [2.256592, 48.88652], [2.256033, 48.886806], [2.25536, 48.887096], [2.254586, 48.887386], [2.253106, 48.887749], [2.25213, 48.887928], [2.251206, 48.888065], [2.250395, 48.88818], [2.250067, 48.888218], [2.249422, 48.888332], [2.248712, 48.888493], [2.248013, 48.888683], [2.243937, 48.889992], [2.242423, 48.890411], [2.241093, 48.890705], [2.240644, 48.8908], [2.238235, 48.89156], [2.238235, 48.89156], [2.236452, 48.892124], [2.235543, 48.892399], [2.234403, 48.892673], [2.233519, 48.892868], [2.232473, 48.893021], [2.231605, 48.893055], [2.230318, 48.893066], [2.229645, 48.893078], [2.228685, 48.893147], [2.227988, 48.893246], [2.227328, 48.893417], [2.226599, 48.893635], [2.225773, 48.893967], [2.224808, 48.894501], [2.224281, 48.894775], [2.223772, 48.895088], [2.223374, 48.895428], [2.223207, 48.895584], [2.222933, 48.895824], [2.222933, 48.895824], [2.22117, 48.897373], [2.220733, 48.897663], [2.22021, 48.897919], [2.21963, 48.898159], [2.219211, 48.8983], [2.218769, 48.898438], [2.218352, 48.898525], [2.216394, 48.899071], [2.214568, 48.899532], [2.21186, 48.90015], [2.211306, 48.900265], [2.209695, 48.900604], [2.208701, 48.900803], [2.208277, 48.900902], [2.207734, 48.901047], [2.207016, 48.901272], [2.205776, 48.901718], [2.205341, 48.901863], [2.200391, 48.903461], [2.199895, 48.903652], [2.19968, 48.903744], [2.199094, 48.90403], [2.198682, 48.904266], [2.198364, 48.904476], [2.198227, 48.904575], [2.197896, 48.904835], [2.197729, 48.904984], [2.197557, 48.905151], [2.197328, 48.905388], [2.197178, 48.905571], [2.196943, 48.905891], [2.196787, 48.906128], [2.196683, 48.9063], [2.196495, 48.906643], [2.196362, 48.906902], [2.196151, 48.907368], [2.196013, 48.907726], [2.195882, 48.908108], [2.195762, 48.908543], [2.195695, 48.90884], [2.195624, 48.909233], [2.195606, 48.909363], [2.195565, 48.909855], [2.19556, 48.910023], [2.195587, 48.910477], [2.19561, 48.910629], [2.195704, 48.911076], [2.195799, 48.911419], [2.195894, 48.911812], [2.19594, 48.912067], [2.195984, 48.912445], [2.195988, 48.912567], [2.195984, 48.9128], [2.195961, 48.913059], [2.195937, 48.913212], [2.195889, 48.913425], [2.19579, 48.913757], [2.195692, 48.914005], [2.195586, 48.914223], [2.195389, 48.914562], [2.195121, 48.914936], [2.194789, 48.915306], [2.19453, 48.915558], [2.194158, 48.915855], [2.193721, 48.916168], [2.19338, 48.916374], [2.193024, 48.916561], [2.192569, 48.916786], [2.189629, 48.918163], [2.188, 48.918938], [2.187239, 48.919277], [2.186482, 48.91959], [2.185723, 48.919922], [2.185113, 48.920223], [2.185113, 48.920223], [2.184644, 48.920467], [2.18387, 48.920914], [2.183227, 48.921291], [2.182808, 48.921524], [2.18225, 48.921822], [2.180166, 48.92284], [2.179275, 48.923309], [2.178271, 48.923862], [2.177932, 48.924057], [2.177624, 48.924236], [2.177098, 48.924557], [2.176713, 48.924816], [2.174602, 48.926174], [2.173849, 48.926682], [2.173249, 48.92712], [2.17282, 48.927414], [2.171667, 48.928154], [2.171096, 48.928535], [2.168925, 48.929943], [2.168257, 48.930397], [2.166968, 48.931297], [2.16611, 48.931877], [2.163314, 48.933693], [2.161373, 48.934925], [2.159801, 48.935951], [2.158573, 48.93671], [2.157143, 48.937565], [2.157143, 48.937565], [2.153896, 48.939518], [2.153185, 48.939964], [2.151458, 48.941071], [2.150171, 48.941914], [2.149502, 48.942379], [2.148283, 48.943295], [2.147265, 48.944019], [2.146113, 48.944775], [2.143905, 48.94619], [2.143905, 48.94619], [2.142741, 48.946945], [2.141247, 48.947948], [2.140376, 48.948521], [2.137689, 48.95026], [2.137163, 48.950588], [2.13438, 48.9524], [2.130853, 48.95467], [2.130438, 48.954933], [2.129993, 48.9552], [2.129397, 48.95554], [2.1289, 48.955814], [2.12841, 48.95607], [2.127732, 48.956398], [2.126972, 48.956718], [2.126566, 48.956875], [2.126098, 48.957039], [2.125823, 48.957127], [2.12527, 48.957287], [2.12453, 48.95747], [2.12273, 48.957836], [2.121597, 48.958076], [2.120122, 48.958408], [2.119078, 48.958626], [2.118535, 48.958729], [2.117654, 48.958874], [2.116894, 48.958984], [2.116015, 48.959095], [2.115053, 48.959194], [2.114243, 48.959251], [2.113803, 48.95927], [2.113268, 48.959282], [2.112527, 48.959282], [2.111767, 48.959255], [2.111089, 48.959213], [2.110728, 48.959183], [2.110126, 48.959122], [2.109659, 48.959061], [2.109096, 48.958977], [2.108382, 48.958843], [2.107122, 48.958588], [2.103245, 48.957756], [2.102326, 48.957542], [2.101634, 48.957359], [2.100852, 48.957115], [2.098268, 48.956238], [2.097662, 48.956055], [2.097392, 48.955982], [2.096704, 48.955807], [2.095959, 48.955654], [2.095596, 48.955589], [2.09268, 48.955135], [2.09268, 48.955135], [2.091714, 48.954979], [2.0913, 48.954895], [2.090891, 48.954807], [2.090412, 48.954689], [2.090007, 48.954578], [2.089402, 48.954391], [2.08915, 48.954308], [2.088527, 48.954079], [2.087834, 48.953796], [2.085101, 48.952591], [2.081783, 48.951157], [2.076419, 48.948803], [2.07418, 48.947826], [2.073082, 48.947338], [2.072835, 48.94722], [2.072328, 48.946957], [2.07101, 48.946228], [2.070527, 48.945984], [2.070243, 48.945847], [2.069933, 48.945709], [2.06932, 48.945473], [2.067805, 48.944962], [2.067353, 48.94479], [2.066835, 48.944576], [2.05474, 48.939232], [2.05313, 48.938492], [2.051011, 48.937553], [2.049642, 48.93697], [2.04451, 48.934708], [2.043166, 48.934109], [2.04107, 48.933136], [2.040854, 48.933041]]}, "properties": {"id": "rer-a", "branchId": "rer-a::4", "termini": "Boissy-Saint-Léger - Poissy", "source": "Ile-de-France Mobilites GTFS (data.iledefrance-mobilites.fr), Mobility License"}}, {"type": "Feature", "geometry": {"type": "LineString", "coordinates": [[2.504767, 48.752586], [2.506705, 48.756176], [2.507203, 48.75713], [2.507362, 48.757473], [2.507441, 48.757675], [2.507552, 48.758018], [2.5076, 48.758198], [2.507692, 48.758652], [2.507733, 48.758972], [2.507754, 48.759205], [2.507774, 48.75964], [2.507774, 48.759941], [2.507758, 48.760208], [2.50772, 48.760502], [2.50766, 48.760796], [2.507584, 48.761063], [2.507487, 48.76133], [2.507332, 48.761673], [2.507238, 48.761848], [2.507008, 48.762222], [2.506031, 48.763641], [2.505883, 48.763863], [2.505675, 48.764214], [2.505545, 48.764484], [2.505469, 48.764698], [2.505436, 48.764816], [2.505386, 48.765053], [2.505361, 48.765312], [2.505363, 48.765549], [2.505393, 48.765827], [2.505454, 48.76609], [2.505553, 48.766384], [2.505693, 48.76667], [2.505992, 48.767117], [2.506168, 48.767361], [2.506659, 48.767998], [2.506883, 48.768314], [2.507037, 48.768562], [2.50714, 48.768757], [2.507209, 48.768898], [2.507343, 48.769222], [2.507442, 48.76955], [2.507504, 48.769798], [2.50754, 48.770065], [2.507559, 48.770306], [2.507562, 48.770668], [2.507554, 48.770863], [2.507498, 48.771519], [2.507466, 48.772076], [2.507466, 48.772076], [2.50743, 48.7728], [2.507374, 48.773735], [2.507365, 48.774529], [2.507374, 48.77615], [2.507359, 48.776676], [2.507075, 48.781128], [2.507021, 48.782013], [2.506994, 48.782578], [2.506993, 48.782814], [2.507002, 48.7831], [2.507119, 48.78476], [2.507158, 48.785141], [2.507223, 48.785454], [2.507342, 48.785839], [2.50747, 48.786129], [2.507543, 48.78627], [2.507818, 48.786736], [2.509839, 48.789871], [2.510211, 48.790478], [2.511427, 48.792572], [2.511631, 48.792934], [2.512293, 48.794159], [2.512556, 48.794598], [2.512758, 48.794914], [2.512758, 48.794914], [2.513436, 48.795826], [2.514049, 48.796635], [2.51433, 48.797035], [2.514488, 48.797287], [2.514651, 48.797565], [2.514837, 48.797935], [2.514908, 48.7981], [2.51518, 48.798794], [2.515689, 48.800213], [2.515778, 48.800484], [2.515833, 48.800682], [2.515887, 48.800961], [2.515907, 48.801128], [2.515919, 48.801331], [2.515911, 48.801674], [2.515888, 48.801853], [2.515851, 48.802059], [2.5158, 48.802258], [2.515733, 48.802467], [2.515627, 48.802727], [2.515525, 48.802944], [2.515421, 48.803135], [2.515242, 48.803429], [2.51499, 48.803776], [2.514863, 48.803932], [2.514643, 48.804188], [2.514257, 48.804573], [2.513899, 48.804893], [2.513649, 48.805096], [2.513229, 48.805405], [2.512782, 48.805698], [2.512387, 48.805931], [2.512016, 48.806129], [2.511645, 48.806316], [2.510774, 48.806679], [2.510334, 48.806835], [2.509994, 48.80695], [2.509994, 48.80695], [2.508902, 48.80727], [2.508338, 48.807423], [2.507756, 48.80756], [2.507405, 48.807629], [2.506875, 48.807701], [2.50651, 48.807743], [2.506108, 48.807774], [2.505324, 48.807796], [2.504542, 48.807777], [2.504189, 48.807758], [2.503464, 48.807697], [2.503112, 48.807652], [2.494859, 48.80648], [2.489983, 48.805824], [2.486928, 48.80542], [2.485675, 48.805264], [2.485675, 48.805264], [2.483209, 48.804955], [2.482434, 48.804893], [2.481677, 48.804867], [2.480886, 48.804867], [2.480047, 48.804909], [2.479664, 48.804935], [2.478449, 48.805061], [2.477728, 48.805164], [2.476088, 48.805408], [2.474924, 48.805603], [2.474541, 48.805683], [2.474172, 48.805767], [2.473463, 48.805962], [2.472965, 48.806114], [2.472608, 48.806236], [2.472237, 48.806377], [2.472237, 48.806377], [2.471882, 48.806515], [2.471496, 48.806679], [2.47119, 48.806828], [2.470649, 48.807098], [2.470326, 48.807274], [2.469767, 48.807621], [2.469475, 48.807812], [2.469228, 48.807991], [2.468699, 48.808411], [2.468465, 48.808613], [2.468254, 48.808811], [2.467857, 48.809223], [2.467695, 48.809414], [2.467332, 48.809921], [2.466811, 48.810772], [2.466185, 48.811871], [2.464873, 48.814075], [2.464736, 48.814358], [2.46447, 48.814865], [2.464244, 48.81535], [2.464027, 48.815914], [2.463831, 48.816582], [2.463767, 48.816883], [2.463623, 48.817764], [2.463566, 48.818176], [2.463504, 48.818851], [2.4635, 48.819187], [2.463519, 48.82032], [2.463552, 48.820599], [2.463603, 48.820877], [2.463603, 48.820877], [2.463691, 48.821205], [2.463794, 48.821484], [2.463917, 48.821754], [2.464063, 48.822044], [2.464783, 48.823277], [2.464953, 48.823624], [2.465075, 48.823849], [2.465244, 48.824314], [2.465392, 48.8246], [2.465717, 48.825432], [2.466279, 48.826935], [2.466414, 48.827248], [2.466616, 48.827637], [2.466736, 48.827847], [2.466858, 48.828045], [2.467149, 48.828457], [2.467284, 48.828621], [2.467604, 48.828976], [2.468066, 48.829414], [2.469445, 48.830627], [2.469674, 48.830841], [2.470094, 48.831276], [2.470306, 48.831516], [2.47063, 48.831921], [2.470918, 48.83234], [2.471141, 48.832737], [2.471513, 48.833546], [2.471647, 48.83392], [2.471728, 48.834267], [2.471782, 48.83469], [2.471791, 48.835197], [2.471791, 48.835197], [2.471733, 48.83564], [2.471535, 48.836514], [2.471453, 48.836781], [2.471354, 48.837059], [2.471225, 48.837334], [2.471081, 48.837612], [2.470921, 48.837891], [2.470549, 48.838459], [2.470381, 48.838673], [2.469859, 48.839272], [2.469351, 48.839813], [2.468823, 48.840393], [2.468363, 48.840881], [2.468166, 48.841068], [2.467766, 48.841431], [2.467186, 48.841877], [2.466753, 48.842186], [2.46599, 48.842632], [2.465379, 48.842972], [2.46518, 48.843071], [2.464429, 48.843418], [2.464242, 48.843498], [2.46366, 48.843719], [2.463445, 48.8438], [2.463013, 48.843945], [2.463013, 48.843945], [2.462289, 48.844151], [2.461819, 48.844269], [2.461274, 48.844395], [2.45556, 48.845451], [2.453154, 48.845905], [2.451927, 48.846127], [2.451514, 48.846195], [2.450848, 48.846287], [2.450525, 48.846317], [2.448207, 48.846581], [2.447589, 48.846642], [2.44691, 48.846691], [2.444696, 48.846821], [2.442403, 48.846916], [2.440686, 48.847023], [2.434161, 48.847275], [2.431278, 48.847363], [2.431278, 48.847363], [2.430342, 48.847385], [2.42966, 48.84737], [2.429026, 48.847332], [2.428492, 48.847282], [2.428191, 48.847244], [2.427238, 48.847092], [2.426626, 48.846962], [2.426054, 48.846813], [2.425477, 48.846638], [2.424742, 48.846375], [2.424252, 48.846172], [2.423994, 48.846054], [2.421912, 48.845051], [2.420758, 48.844505], [2.420247, 48.844284], [2.419769, 48.844109], [2.418792, 48.843822], [2.418547, 48.843761], [2.418295, 48.843716], [2.417919, 48.84367], [2.417678, 48.843651], [2.417469, 48.843647], [2.416764, 48.843647], [2.416107, 48.843662], [2.414521, 48.8438], [2.412596, 48.844017], [2.410232, 48.844261], [2.40751, 48.844429], [2.405706, 48.844517], [2.404778, 48.844604], [2.403969, 48.844704], [2.403176, 48.844845], [2.402393, 48.845089], [2.401828, 48.845341], [2.401375, 48.845596], [2.398861, 48.847424], [2.398665, 48.847534], [2.398421, 48.847649], [2.398088, 48.847767], [2.397531, 48.8479], [2.395042, 48.848427], [2.395042, 48.848427], [2.394177, 48.848606], [2.391972, 48.848988], [2.391594, 48.849041], [2.391177, 48.849075], [2.390591, 48.849098], [2.38998, 48.849094], [2.389207, 48.849052], [2.388623, 48.849003], [2.388232, 48.848942], [2.387826, 48.848839], [2.387127, 48.848606], [2.386537, 48.848358], [2.386061, 48.848103], [2.385655, 48.84782], [2.385319, 48.847572], [2.385018, 48.847279], [2.384614, 48.846775], [2.383019, 48.844505], [2.382807, 48.844234], [2.382517, 48.843929], [2.382204, 48.843636], [2.381742, 48.8433], [2.381153, 48.842937], [2.380592, 48.842579], [2.380364, 48.842445], [2.380034, 48.842293], [2.379706, 48.842175], [2.379325, 48.842083], [2.378945, 48.842022], [2.378615, 48.841991], [2.378275, 48.841991], [2.37741, 48.842102], [2.376956, 48.842201], [2.376465, 48.842342], [2.375987, 48.842499], [2.375544, 48.842686], [2.375057, 48.842934], [2.374174, 48.843407], [2.374174, 48.843407], [2.372825, 48.844162], [2.372488, 48.844364], [2.372124, 48.844604], [2.370878, 48.845524], [2.363133, 48.85144], [2.361814, 48.852264], [2.360649, 48.852879], [2.359332, 48.853485], [2.358171, 48.853954], [2.350975, 48.856445], [2.349805, 48.857014], [2.34873, 48.857704], [2.347946, 48.858494], [2.347355, 48.859455], [2.347056, 48.860435], [2.346188, 48.862461], [2.346188, 48.862461], [2.346129, 48.862598], [2.345945, 48.863277], [2.345793, 48.86377], [2.345371, 48.865368], [2.345122, 48.865986], [2.344713, 48.866619], [2.344295, 48.867008], [2.343833, 48.867348], [2.343306, 48.867653], [2.342514, 48.868027], [2.341272, 48.868462], [2.339204, 48.86903], [2.334676, 48.870018], [2.33347, 48.87035], [2.332595, 48.870689], [2.331884, 48.87104], [2.331136, 48.871452], [2.328628, 48.872864], [2.328628, 48.872864], [2.327964, 48.873238], [2.32746, 48.873489], [2.32703, 48.873638], [2.326577, 48.873756], [2.32616, 48.873848], [2.325721, 48.873928], [2.316675, 48.875122], [2.315783, 48.875198], [2.314745, 48.87521], [2.31276, 48.875156], [2.307068, 48.874928], [2.305588, 48.874805], [2.302308, 48.874439], [2.298879, 48.874069], [2.298378, 48.874035], [2.297884, 48.874027], [2.297387, 48.874035], [2.296895, 48.874065], [2.296335, 48.874115], [2.294056, 48.874332], [2.294056, 48.874332], [2.292217, 48.874531], [2.291729, 48.874626], [2.291223, 48.874748], [2.260306, 48.884586], [2.259691, 48.8848], [2.258874, 48.885197], [2.258321, 48.885498], [2.257833, 48.885777], [2.256592, 48.88652], [2.256033, 48.886806], [2.25536, 48.887096], [2.254586, 48.887386], [2.253106, 48.887749], [2.25213, 48.887928], [2.251206, 48.888065], [2.250395, 48.88818], [2.250067, 48.888218], [2.249422, 48.888332], [2.248712, 48.888493], [2.248013, 48.888683], [2.243937, 48.889992], [2.242423, 48.890411], [2.241093, 48.890705], [2.240644, 48.8908], [2.238235, 48.89156], [2.238235, 48.89156], [2.236452, 48.892124], [2.235543, 48.892399], [2.234403, 48.892673], [2.233519, 48.892868], [2.232473, 48.893021], [2.231605, 48.893055], [2.230318, 48.893066], [2.229645, 48.893078], [2.228685, 48.893147], [2.227988, 48.893246], [2.227328, 48.893417], [2.226599, 48.893635], [2.225773, 48.893967], [2.224808, 48.894501], [2.223833, 48.89513], [2.223419, 48.895466], [2.223269, 48.895611], [2.222973, 48.89587], [2.222973, 48.89587], [2.221233, 48.897392], [2.220905, 48.897728], [2.220701, 48.897957], [2.220583, 48.898136], [2.220407, 48.898483], [2.220245, 48.898842], [2.220159, 48.899082], [2.219925, 48.899658], [2.219609, 48.900322], [2.219465, 48.90065], [2.219272, 48.901051], [2.219123, 48.901306], [2.218934, 48.90155], [2.218702, 48.90176], [2.218301, 48.901928], [2.218154, 48.901974], [2.217975, 48.902016], [2.217694, 48.902058], [2.21749, 48.902069], [2.21728, 48.902069], [2.21699, 48.902042], [2.216688, 48.901985], [2.216386, 48.901897], [2.215913, 48.901737], [2.215152, 48.901436], [2.213659, 48.900955], [2.213659, 48.900955], [2.210693, 48.900051], [2.209632, 48.899746], [2.208048, 48.899246], [2.195115, 48.895027], [2.195115, 48.895027], [2.189078, 48.893059], [2.187212, 48.89241], [2.18635, 48.892139], [2.183309, 48.891144], [2.180373, 48.890224], [2.179552, 48.889942], [2.178483, 48.889561], [2.175074, 48.888424], [2.174009, 48.888054], [2.171557, 48.887234], [2.171557, 48.887234], [2.171091, 48.887096], [2.170725, 48.887009], [2.169981, 48.88681], [2.169047, 48.886589], [2.168011, 48.886375], [2.16661, 48.886105], [2.165685, 48.885948], [2.164852, 48.885826], [2.164077, 48.885727], [2.162697, 48.885567], [2.160706, 48.885319], [2.160034, 48.88525], [2.158947, 48.885185], [2.157598, 48.885151], [2.156863, 48.885162], [2.156217, 48.885189], [2.156217, 48.885189], [2.154349, 48.885262], [2.153207, 48.885326], [2.15235, 48.885403], [2.151595, 48.885483], [2.150433, 48.885632], [2.149906, 48.885712], [2.149248, 48.885826], [2.148749, 48.885914], [2.148195, 48.886024], [2.147675, 48.886131], [2.146866, 48.886318], [2.1464, 48.886436], [2.145628, 48.88665], [2.144771, 48.886902], [2.133091, 48.890533], [2.133091, 48.890533], [2.129734, 48.891575], [2.129326, 48.891708], [2.129051, 48.891808], [2.128491, 48.892036], [2.12781, 48.892342], [2.127003, 48.892754], [2.12655, 48.893009], [2.125925, 48.893406], [2.12547, 48.89373], [2.125142, 48.893993], [2.124826, 48.89426], [2.124436, 48.894611], [2.124205, 48.894844], [2.123974, 48.895092], [2.123655, 48.895466], [2.123206, 48.89608], [2.122987, 48.896431], [2.122796, 48.896866], [2.122524, 48.897377], [2.122183, 48.897915], [2.121975, 48.898193], [2.121975, 48.898193], [2.121789, 48.898426], [2.121603, 48.898628], [2.121283, 48.898926], [2.12095, 48.899208], [2.120594, 48.899555], [2.120224, 48.89986], [2.119857, 48.900127], [2.119233, 48.900543], [2.118704, 48.900864], [2.118271, 48.901096], [2.117899, 48.901283], [2.117095, 48.901646], [2.116398, 48.901917], [2.115492, 48.902229], [2.115262, 48.902298], [2.114746, 48.902443], [2.11444, 48.902519], [2.113885, 48.902641], [2.112466, 48.90292], [2.108113, 48.903679], [2.107461, 48.90377], [2.107083, 48.903812], [2.106225, 48.903877], [2.105606, 48.9039], [2.105067, 48.903904], [2.104378, 48.903904], [2.103724, 48.903881], [2.103063, 48.903824], [2.10192, 48.903656], [2.10039, 48.903355], [2.0994, 48.903107], [2.098943, 48.902969], [2.097734, 48.902554], [2.097244, 48.902351], [2.096932, 48.902203], [2.096642, 48.902039], [2.096348, 48.901855], [2.096086, 48.901657], [2.095862, 48.90147], [2.095683, 48.901299], [2.095492, 48.90107], [2.09537, 48.900814], [2.095331, 48.900707], [2.095233, 48.900337], [2.095115, 48.899693], [2.095045, 48.898914], [2.095039, 48.898571]]}, "properties": {"id": "rer-a", "branchId": "rer-a::5", "termini": "Boissy-Saint-Léger - Saint-Germain-en-Laye", "source": "Ile-de-France Mobilites GTFS (data.iledefrance-mobilites.fr), Mobility License"}}, {"type": "Feature", "geometry": {"type": "Point", "coordinates": [2.7824826512673546, 48.86979506673141]}, "properties": {"name": "Marne-la-Vallée - Chessy"}}, {"type": "Feature", "geometry": {"type": "Point", "coordinates": [2.7724268942340276, 48.85484622851565]}, "properties": {"name": "Val d'Europe"}}, {"type": "Feature", "geometry": {"type": "Point", "coordinates": [2.7103828395096956, 48.83671337078136]}, "properties": {"name": "Bussy-Saint-Georges"}}, {"type": "Feature", "geometry": {"type": "Point", "coordinates": [2.655169106193295, 48.83971015133779]}, "properties": {"name": "Torcy"}}, {"type": "Feature", "geometry": {"type": "Point", "coordinates": [2.633026934567703, 48.839255049438655]}, "properties": {"name": "Lognes"}}, {"type": "Feature", "geometry": {"type": "Point", "coordinates": [2.616660606000051, 48.84351408493866]}, "properties": {"name": "Noisiel"}}, {"type": "Feature", "geometry": {"type": "Point", "coordinates": [2.580103342831972, 48.84289619599068]}, "properties": {"name": "Noisy - Champs"}}, {"type": "Feature", "geometry": {"type": "Point", "coordinates": [2.5488073205108335, 48.84088515401643]}, "properties": {"name": "Noisy-le-Grand - Mont d'Est"}}, {"type": "Feature", "geometry": {"type": "Point", "coordinates": [2.525670945020106, 48.845137476280854]}, "properties": {"name": "Bry-sur-Marne"}}, {"type": "Feature", "geometry": {"type": "Point", "coordinates": [2.5145898211367705, 48.85252451313788]}, "properties": {"name": "Neuilly-Plaisance"}}, {"type": "Feature", "geometry": {"type": "Point", "coordinates": [2.4890536307751616, 48.85424654032024]}, "properties": {"name": "Val de Fontenay"}}, {"type": "Feature", "geometry": {"type": "Point", "coordinates": [2.4325836014183, 48.84734683460296]}, "properties": {"name": "Vincennes"}}, {"type": "Feature", "geometry": {"type": "Point", "coordinates": [2.376365660931201, 48.84340211646564]}, "properties": {"name": "Gare de Lyon"}}, {"type": "Feature", "geometry": {"type": "Point", "coordinates": [2.34697651043533, 48.86174503191322]}, "properties": {"name": "Châtelet - Les Halles"}}, {"type": "Feature", "geometry": {"type": "Point", "coordinates": [2.3296591495793595, 48.872348840718196]}, "properties": {"name": "Auber"}}, {"type": "Feature", "geometry": {"type": "Point", "coordinates": [2.295231447641207, 48.874172759565376]}, "properties": {"name": "Charles de Gaulle - Étoile"}}, {"type": "Feature", "geometry": {"type": "Point", "coordinates": [2.238418596250407, 48.892229801568206]}, "properties": {"name": "La Défense"}}, {"type": "Feature", "geometry": {"type": "Point", "coordinates": [2.2229862429913676, 48.895886773064674]}, "properties": {"name": "Nanterre - Préfecture"}}, {"type": "Feature", "geometry": {"type": "Point", "coordinates": [2.1851757042018707, 48.92034757911033]}, "properties": {"name": "Houilles - Carrières-sur-Seine"}}, {"type": "Feature", "geometry": {"type": "Point", "coordinates": [2.1572200388507317, 48.93769529363442]}, "properties": {"name": "Sartrouville"}}, {"type": "Feature", "geometry": {"type": "Point", "coordinates": [2.1446722659338855, 48.94574060746957]}, "properties": {"name": "Maisons-Laffitte"}}, {"type": "Feature", "geometry": {"type": "Point", "coordinates": [2.0777265246565433, 48.970643570814424]}, "properties": {"name": "Achères Ville"}}, {"type": "Feature", "geometry": {"type": "Point", "coordinates": [2.0746499245710193, 48.991156287258484]}, "properties": {"name": "Conflans Fin d'Oise"}}, {"type": "Feature", "geometry": {"type": "Point", "coordinates": [2.078348820578231, 49.01374275942672]}, "properties": {"name": "Neuville - Université"}}, {"type": "Feature", "geometry": {"type": "Point", "coordinates": [2.0797809490013073, 49.036306683133965]}, "properties": {"name": "Cergy Préfecture"}}, {"type": "Feature", "geometry": {"type": "Point", "coordinates": [2.0345219282999176, 49.049642166828754]}, "properties": {"name": "Cergy Saint-Christophe"}}, {"type": "Feature", "geometry": {"type": "Point", "coordinates": [2.011579068023536, 49.04823262405815]}, "properties": {"name": "Cergy le Haut"}}, {"type": "Feature", "geometry": {"type": "Point", "coordinates": [2.0936529195192275, 48.95541092942684]}, "properties": {"name": "Achères Grand Cormier"}}, {"type": "Feature", "geometry": {"type": "Point", "coordinates": [2.040804469960689, 48.93324983956547]}, "properties": {"name": "Poissy"}}, {"type": "Feature", "geometry": {"type": "Point", "coordinates": [2.504498176690716, 48.752267307821874]}, "properties": {"name": "Boissy-Saint-Léger"}}, {"type": "Feature", "geometry": {"type": "Point", "coordinates": [2.5074994611650823, 48.77206393780998]}, "properties": {"name": "Sucy - Bonneuil"}}, {"type": "Feature", "geometry": {"type": "Point", "coordinates": [2.5132322873015256, 48.79532749459459]}, "properties": {"name": "La Varenne - Chennevières"}}, {"type": "Feature", "geometry": {"type": "Point", "coordinates": [2.510538043646919, 48.80682309456137]}, "properties": {"name": "Champigny"}}, {"type": "Feature", "geometry": {"type": "Point", "coordinates": [2.486623744135692, 48.8054097518155]}, "properties": {"name": "Le Parc de Saint-Maur"}}, {"type": "Feature", "geometry": {"type": "Point", "coordinates": [2.4729094308778183, 48.80619648110731]}, "properties": {"name": "Saint-Maur - Créteil"}}, {"type": "Feature", "geometry": {"type": "Point", "coordinates": [2.4638739495546496, 48.82119737360793]}, "properties": {"name": "Joinville-le-Pont"}}, {"type": "Feature", "geometry": {"type": "Point", "coordinates": [2.471683791180998, 48.834306538503405]}, "properties": {"name": "Nogent-sur-Marne"}}, {"type": "Feature", "geometry": {"type": "Point", "coordinates": [2.463537806527943, 48.8437885964859]}, "properties": {"name": "Fontenay-sous-Bois"}}, {"type": "Feature", "geometry": {"type": "Point", "coordinates": [2.3959444654495297, 48.84823319072756]}, "properties": {"name": "Nation"}}, {"type": "Feature", "geometry": {"type": "Point", "coordinates": [2.213536495127317, 48.90112974604822]}, "properties": {"name": "Nanterre Université"}}, {"type": "Feature", "geometry": {"type": "Point", "coordinates": [2.19511769490499, 48.89501972616058]}, "properties": {"name": "Nanterre - Ville"}}, {"type": "Feature", "geometry": {"type": "Point", "coordinates": [2.172366417897185, 48.88767250064626]}, "properties": {"name": "Rueil-Malmaison"}}, {"type": "Feature", "geometry": {"type": "Point", "coordinates": [2.1559376624708975, 48.88519702561107]}, "properties": {"name": "Chatou - Croissy"}}, {"type": "Feature", "geometry": {"type": "Point", "coordinates": [2.1343339900216813, 48.89013759185911]}, "properties": {"name": "Le Vésinet - Centre"}}, {"type": "Feature", "geometry": {"type": "Point", "coordinates": [2.122132232303764, 48.89794951079969]}, "properties": {"name": "Le Vésinet - Le Pecq"}}, {"type": "Feature", "geometry": {"type": "Point", "coordinates": [2.095041912326374, 48.898745300550765]}, "properties": {"name": "Saint-Germain-en-Laye"}}]}