{"type": "FeatureCollection", "features": [{"type": "Feature", "geometry": {"type": "LineString", "coordinates": [[3.302916, 48.55558], [3.301365, 48.555347], [3.300767, 48.555244], [3.300364, 48.555164], [3.299901, 48.555058], [3.299694, 48.555004], [3.299241, 48.554874], [3.298683, 48.554691], [3.298073, 48.554459], [3.297815, 48.554348], [3.297514, 48.554214], [3.29703, 48.553974], [3.296748, 48.553818], [3.296373, 48.553631], [3.296176, 48.553516], [3.295831, 48.553284], [3.295562, 48.553085], [3.295137, 48.552734], [3.294957, 48.552574], [3.288986, 48.546814], [3.28877, 48.546616], [3.288469, 48.54636], [3.288269, 48.546204], [3.28793, 48.545963], [3.287701, 48.545815], [3.287395, 48.545631], [3.287054, 48.545452], [3.287054, 48.545452], [3.286594, 48.545242], [3.286384, 48.545155], [3.284055, 48.544243], [3.279156, 48.54229], [3.278799, 48.542156], [3.278368, 48.542004], [3.277785, 48.541832], [3.277446, 48.541748], [3.277018, 48.541656], [3.276664, 48.541599], [3.27623, 48.541538], [3.275601, 48.541481], [3.273899, 48.541401], [3.27342, 48.541367], [3.272979, 48.541313], [3.272794, 48.541283], [3.272463, 48.541218], [3.272134, 48.541134], [3.271678, 48.540997], [3.271205, 48.54081], [3.270931, 48.54068], [3.270676, 48.540546], [3.270237, 48.540283], [3.269445, 48.539742], [3.268956, 48.539394], [3.268728, 48.539207], [3.268343, 48.53886], [3.268178, 48.538689], [3.267941, 48.538418], [3.267726, 48.538128], [3.267577, 48.53791], [3.267436, 48.537666], [3.267306, 48.537395], [3.26721, 48.537163], [3.267149, 48.536987], [3.267079, 48.536736], [3.267025, 48.536457], [3.266981, 48.536064], [3.266885, 48.534706], [3.266832, 48.534367], [3.266766, 48.534115], [3.26668, 48.533867], [3.266624, 48.533733], [3.266442, 48.533379], [3.266306, 48.533165], [3.266101, 48.532887], [3.265831, 48.532581], [3.265615, 48.532368], [3.265445, 48.532219], [3.265155, 48.53199], [3.26491, 48.531818], [3.264437, 48.531532], [3.264099, 48.531361], [3.263871, 48.531254], [3.263572, 48.531128], [3.263272, 48.531017], [3.26297, 48.530914], [3.262679, 48.53083], [3.262103, 48.530693], [3.261576, 48.530602], [3.261071, 48.53054], [3.260548, 48.530506], [3.2596, 48.53046], [3.259075, 48.530415], [3.258551, 48.530334], [3.258252, 48.530277], [3.257937, 48.530205], [3.257546, 48.530098], [3.257162, 48.529976], [3.256671, 48.5298], [3.256211, 48.529617], [3.255908, 48.529465], [3.255574, 48.529278], [3.255424, 48.529182], [3.255424, 48.529182], [3.255076, 48.528934], [3.254673, 48.528603], [3.254456, 48.528389], [3.254304, 48.528217], [3.254006, 48.527832], [3.252369, 48.525417], [3.250848, 48.52319], [3.249828, 48.521671], [3.248978, 48.52042], [3.248733, 48.520039], [3.248586, 48.519768], [3.248471, 48.51952], [3.248346, 48.51918], [3.247945, 48.517776], [3.24789, 48.517563], [3.247839, 48.517303], [3.247823, 48.516987], [3.24783, 48.516804], [3.247878, 48.516487], [3.247926, 48.516296], [3.248, 48.516075], [3.248064, 48.515907], [3.248239, 48.515575], [3.248388, 48.515335], [3.248506, 48.515186], [3.248586, 48.515102], [3.248793, 48.514927], [3.250303, 48.513672], [3.250303, 48.513672], [3.250689, 48.513355], [3.251178, 48.512905], [3.251647, 48.512428], [3.251791, 48.51226], [3.25203, 48.511879], [3.252185, 48.511662], [3.2524, 48.511341], [3.252598, 48.511017], [3.252389, 48.51133], [3.251988, 48.511837], [3.251645, 48.512234], [3.251425, 48.51247], [3.251248, 48.512657], [3.250919, 48.51297], [3.250587, 48.513264], [3.250176, 48.513607], [3.247401, 48.515903], [3.246626, 48.516552], [3.245581, 48.517395], [3.245262, 48.517643], [3.244763, 48.518002], [3.244162, 48.518406], [3.243572, 48.518764], [3.24317, 48.519001], [3.242449, 48.519386], [3.242014, 48.5196], [3.241498, 48.51984], [3.241184, 48.519981], [3.240644, 48.520206], [3.222478, 48.527313], [3.217046, 48.529434], [3.216143, 48.529785], [3.215432, 48.530048], [3.214315, 48.530441], [3.211608, 48.53133], [3.200347, 48.535233], [3.199268, 48.535572], [3.19859, 48.535759], [3.197623, 48.535988], [3.197053, 48.536106], [3.196073, 48.536282], [3.195203, 48.536407], [3.194381, 48.536503], [3.193364, 48.536591], [3.192384, 48.536648], [3.191656, 48.536667], [3.190737, 48.536663], [3.190241, 48.536652], [3.189621, 48.536621], [3.188828, 48.536572], [3.18812, 48.53651], [3.187097, 48.536392], [3.170169, 48.534138], [3.169075, 48.534008], [3.168443, 48.533947], [3.167389, 48.533855], [3.165986, 48.533772], [3.164899, 48.533733], [3.163582, 48.533718], [3.162208, 48.533737], [3.160894, 48.533794], [3.159933, 48.533855], [3.159195, 48.533913], [3.158221, 48.534008], [3.157095, 48.534145], [3.156411, 48.534237], [3.155535, 48.534374], [3.15489, 48.534481], [3.153878, 48.534676], [3.152761, 48.534912], [3.103656, 48.546387], [3.077843, 48.552402], [3.076834, 48.552631], [3.072292, 48.553692], [3.071416, 48.553883], [3.070571, 48.554047], [3.069574, 48.554214], [3.068917, 48.55431], [3.067818, 48.554451], [3.067151, 48.55452], [3.060793, 48.555115], [3.05401, 48.555737], [3.021129, 48.558716], [3.019737, 48.558846], [3.01919, 48.558907], [3.018815, 48.558956], [3.018287, 48.55904], [3.017833, 48.559128], [3.017312, 48.559246], [3.017016, 48.559322], [3.016466, 48.559479], [3.015917, 48.559662], [3.015651, 48.559765], [3.015302, 48.559902], [3.015032, 48.56002], [3.014628, 48.560211], [3.014206, 48.560432], [3.013768, 48.560688], [3.013342, 48.560959], [3.012693, 48.561417], [3.012693, 48.561417], [3.00033, 48.57053], [2.999181, 48.571354], [2.990657, 48.577232], [2.988158, 48.578945], [2.978587, 48.585533], [2.977926, 48.585968], [2.977465, 48.586254], [2.976891, 48.586597], [2.976308, 48.586926], [2.975666, 48.587265], [2.975061, 48.587566], [2.974622, 48.587776], [2.973706, 48.588181], [2.973117, 48.588425], [2.972564, 48.588638], [2.971677, 48.588963], [2.970996, 48.589191], [2.969843, 48.589542], [2.949134, 48.595467], [2.920997, 48.603504], [2.897571, 48.610168], [2.896419, 48.610504], [2.895769, 48.610706], [2.894854, 48.611019], [2.893794, 48.61142], [2.893029, 48.611732], [2.892573, 48.611931], [2.891804, 48.612282], [2.888931, 48.613663], [2.888931, 48.613663], [2.875946, 48.619911], [2.87218, 48.621716], [2.836188, 48.639065], [2.834979, 48.639645], [2.83271, 48.640713], [2.824765, 48.644543], [2.824765, 48.644543], [2.819183, 48.647232], [2.818746, 48.647438], [2.815461, 48.649048], [2.795894, 48.658466], [2.792511, 48.660084], [2.78473, 48.663826], [2.78421, 48.664085], [2.783776, 48.664318], [2.783272, 48.664612], [2.782857, 48.664875], [2.78244, 48.665169], [2.782211, 48.66534], [2.781883, 48.665607], [2.781692, 48.665771], [2.781334, 48.666103], [2.78108, 48.666359], [2.780821, 48.666645], [2.780634, 48.666866], [2.780176, 48.667454], [2.769405, 48.681885], [2.769114, 48.682251], [2.768884, 48.682522], [2.768539, 48.682896], [2.768078, 48.683331], [2.767646, 48.683697], [2.767066, 48.684128], [2.766888, 48.684254], [2.766487, 48.684513], [2.766158, 48.684711], [2.765857, 48.684883], [2.765332, 48.685158], [2.764779, 48.685417], [2.76445, 48.685558], [2.764146, 48.68568], [2.763766, 48.685822], [2.763074, 48.686054], [2.75655, 48.688095], [2.755646, 48.6884], [2.75505, 48.688625], [2.754564, 48.68882], [2.753995, 48.689068], [2.753687, 48.689209], [2.752732, 48.689674], [2.751896, 48.690132], [2.75119, 48.690556], [2.750844, 48.690781], [2.750391, 48.691097], [2.75019, 48.691246], [2.749605, 48.691696], [2.742828, 48.697197], [2.742437, 48.697529], [2.741848, 48.698067], [2.741545, 48.698368], [2.741314, 48.698608], [2.740877, 48.6991], [2.740607, 48.699432], [2.740416, 48.699677], [2.740165, 48.700024], [2.739958, 48.700333], [2.739657, 48.700813], [2.739402, 48.701279], [2.739158, 48.701778], [2.738926, 48.702332], [2.738763, 48.70282], [2.738623, 48.703266], [2.738525, 48.703625], [2.738397, 48.70425], [2.736726, 48.714066], [2.735978, 48.718388], [2.735701, 48.720047], [2.735441, 48.7215], [2.73487, 48.72485], [2.733731, 48.731449], [2.732932, 48.736031], [2.732388, 48.739212], [2.732201, 48.740261], [2.732137, 48.740574], [2.732035, 48.740978], [2.731969, 48.741196], [2.731836, 48.741554], [2.731766, 48.741726], [2.731612, 48.74205], [2.731442, 48.742359], [2.731297, 48.742599], [2.731016, 48.743011], [2.730831, 48.743248], [2.730642, 48.743477], [2.730349, 48.743793], [2.730125, 48.744019], [2.729804, 48.744316], [2.729488, 48.744587], [2.728902, 48.745056], [2.727321, 48.746265], [2.727321, 48.746265], [2.725582, 48.747585], [2.723704, 48.749096], [2.723207, 48.749454], [2.722811, 48.749706], [2.722503, 48.749893], [2.721953, 48.750195], [2.72156, 48.750389], [2.721123, 48.750595], [2.720632, 48.750797], [2.720013, 48.75103], [2.718534, 48.751514], [2.708531, 48.754601], [2.707673, 48.754879], [2.707016, 48.755112], [2.706616, 48.755272], [2.706153, 48.755474], [2.705828, 48.755627], [2.705497, 48.755795], [2.704951, 48.756096], [2.704394, 48.756432], [2.703758, 48.756866], [2.703363, 48.757179], [2.702907, 48.757565], [2.693323, 48.766232], [2.692767, 48.766747], [2.692477, 48.767029], [2.692128, 48.767399], [2.691772, 48.767834], [2.691513, 48.768196], [2.691382, 48.768394], [2.69126, 48.768597], [2.691127, 48.768833], [2.690916, 48.76926], [2.690718, 48.769688], [2.690238, 48.770782], [2.690238, 48.770782], [2.688784, 48.774078], [2.686094, 48.780224], [2.685854, 48.780766], [2.685548, 48.781376], [2.685304, 48.781792], [2.685043, 48.782162], [2.684836, 48.78244], [2.684594, 48.782738], [2.684342, 48.783024], [2.683956, 48.783405], [2.68356, 48.783768], [2.683071, 48.784161], [2.682564, 48.784523], [2.682151, 48.784794], [2.681495, 48.785175], [2.680787, 48.785534], [2.6802, 48.785805], [2.679586, 48.786053], [2.678856, 48.78632], [2.650374, 48.795647], [2.650374, 48.795647], [2.627656, 48.803074], [2.617973, 48.806232], [2.617973, 48.806232], [2.608702, 48.809261], [2.607779, 48.80957], [2.607009, 48.809845], [2.606313, 48.810104], [2.605641, 48.810368], [2.604658, 48.810776], [2.603653, 48.811214], [2.602862, 48.811581], [2.601756, 48.812126], [2.579779, 48.823154], [2.579779, 48.823154], [2.572744, 48.826679], [2.572138, 48.826969], [2.571519, 48.82724], [2.57097, 48.827457], [2.5707, 48.82756], [2.570126, 48.827759], [2.569525, 48.827946], [2.568686, 48.828175], [2.568061, 48.828323], [2.56719, 48.828503], [2.566389, 48.828636], [2.56572, 48.828724], [2.564818, 48.828815], [2.564046, 48.828865], [2.563464, 48.828888], [2.56304, 48.828892], [2.562512, 48.828892], [2.562008, 48.82888], [2.56126, 48.828842], [2.560402, 48.82877], [2.559817, 48.828705], [2.559248, 48.828629], [2.558533, 48.82851], [2.557811, 48.828369], [2.557101, 48.828205], [2.556571, 48.828068], [2.556055, 48.827919], [2.555375, 48.827698], [2.554902, 48.827534], [2.546471, 48.824333], [2.545643, 48.824024], [2.544771, 48.823708], [2.543974, 48.823471], [2.543458, 48.823334], [2.542902, 48.823193], [2.542576, 48.823128], [2.542576, 48.823128], [2.541815, 48.822979], [2.541155, 48.82288], [2.540284, 48.822781], [2.539432, 48.822712], [2.538978, 48.822685], [2.53765, 48.822628], [2.536838, 48.822613], [2.535887, 48.822617], [2.534661, 48.822662], [2.533905, 48.822716], [2.530858, 48.823002], [2.523602, 48.823704], [2.511555, 48.824856], [2.508171, 48.825188], [2.507545, 48.825264], [2.506929, 48.825363], [2.506113, 48.825523], [2.505465, 48.82568], [2.504936, 48.825821], [2.504596, 48.825924], [2.504041, 48.826107], [2.503553, 48.826283], [2.503248, 48.826405], [2.502641, 48.82666], [2.501975, 48.826981], [2.501583, 48.82719], [2.501188, 48.827419], [2.500915, 48.827587], [2.500441, 48.827904], [2.499874, 48.828327], [2.499415, 48.828709], [2.498855, 48.829224], [2.498638, 48.829449], [2.498323, 48.829811], [2.498074, 48.830135], [2.497848, 48.830456], [2.495829, 48.833523], [2.495533, 48.833961], [2.495256, 48.834415], [2.495049, 48.834801], [2.494967, 48.834969], [2.49479, 48.835381], [2.494652, 48.835766], [2.494595, 48.835957], [2.494543, 48.836147], [2.494477, 48.836468], [2.494407, 48.836967], [2.494245, 48.838615], [2.494155, 48.839386], [2.494093, 48.839806], [2.494042, 48.840115], [2.493927, 48.840687], [2.493855, 48.840996], [2.493689, 48.841553], [2.493356, 48.842461], [2.492809, 48.84391], [2.492471, 48.844826], [2.492217, 48.845551], [2.49166, 48.847225], [2.491355, 48.848091], [2.485615, 48.864128], [2.485518, 48.864403], [2.485416, 48.864723], [2.485347, 48.864979], [2.485289, 48.865231], [2.485236, 48.865524], [2.485182, 48.866005], [2.48517, 48.866413], [2.485192, 48.866898], [2.485224, 48.867172], [2.485289, 48.867577], [2.485921, 48.870892], [2.485978, 48.871277], [2.486038, 48.87178], [2.486186, 48.873386], [2.486212, 48.873943], [2.486205, 48.874298], [2.486168, 48.874714], [2.48613, 48.874981], [2.486056, 48.875362], [2.486002, 48.875603], [2.485866, 48.876125], [2.485678, 48.876743], [2.485496, 48.877224], [2.485439, 48.877357], [2.485292, 48.877659], [2.485017, 48.878139], [2.484914, 48.8783], [2.484569, 48.878773], [2.484204, 48.879204], [2.479356, 48.884544], [2.479089, 48.884815], [2.478789, 48.88509], [2.478595, 48.885288], [2.472556, 48.89193], [2.47227, 48.892231], [2.471899, 48.892586], [2.471661, 48.892792], [2.47138, 48.893013], [2.471153, 48.893181], [2.470912, 48.893341], [2.470294, 48.893723], [2.469747, 48.89402], [2.469438, 48.894173], [2.469177, 48.894291], [2.46854, 48.89455], [2.466717, 48.895256], [2.466238, 48.895435], [2.465766, 48.895596], [2.465333, 48.895725], [2.464775, 48.89587], [2.464309, 48.895973], [2.463676, 48.896099], [2.462637, 48.896271], [2.461948, 48.896358], [2.461462, 48.896408], [2.460732, 48.896439], [2.457441, 48.89645], [2.455086, 48.896492], [2.452257, 48.896458], [2.451782, 48.896446], [2.450753, 48.896408], [2.449398, 48.896351], [2.447271, 48.896225], [2.446736, 48.896202], [2.446151, 48.896191], [2.442883, 48.896206], [2.442285, 48.896225], [2.441632, 48.896271], [2.440847, 48.896366], [2.440351, 48.896446], [2.439844, 48.896549], [2.439535, 48.896622], [2.439084, 48.89674], [2.438565, 48.896893], [2.436187, 48.897701], [2.435173, 48.898026], [2.434281, 48.898296], [2.433704, 48.898441], [2.432899, 48.898602], [2.43234, 48.898685], [2.431959, 48.898727], [2.431318, 48.898777], [2.43059, 48.898808], [2.429758, 48.8988], [2.416053, 48.898399], [2.414967, 48.898346], [2.413781, 48.898266], [2.413244, 48.898235], [2.412687, 48.898232], [2.412021, 48.898254], [2.409479, 48.898415], [2.408884, 48.898438], [2.40836, 48.898445], [2.407943, 48.898441], [2.406234, 48.898392], [2.405692, 48.898361], [2.405148, 48.898315], [2.403471, 48.898155], [2.400306, 48.8979], [2.399872, 48.897869], [2.399126, 48.897835], [2.398256, 48.897808], [2.397439, 48.897751], [2.395461, 48.897636], [2.395093, 48.897633], [2.394759, 48.89764], [2.39438, 48.897663], [2.394083, 48.897694], [2.393622, 48.89777], [2.392152, 48.898026], [2.391746, 48.898071], [2.391326, 48.89809], [2.390945, 48.898098], [2.388419, 48.898056], [2.387214, 48.89801], [2.386385, 48.897995], [2.384708, 48.897999], [2.384127, 48.897991], [2.383186, 48.897961], [2.381833, 48.897903], [2.379574, 48.897823], [2.378884, 48.897789], [2.378248, 48.897732], [2.377534, 48.89764], [2.376958, 48.897545], [2.376489, 48.897446], [2.376206, 48.897377], [2.374843, 48.897018], [2.374362, 48.896935], [2.374121, 48.896912], [2.373799, 48.896904], [2.37344, 48.896927], [2.373119, 48.896973], [2.371264, 48.897327], [2.370862, 48.897388], [2.37012, 48.897457], [2.368807, 48.897533], [2.368532, 48.897537], [2.368274, 48.897533], [2.366795, 48.897446], [2.366301, 48.89743], [2.365988, 48.897442], [2.363651, 48.897587], [2.363187, 48.897629], [2.362641, 48.897701], [2.362292, 48.897766], [2.361952, 48.897854], [2.361735, 48.89793], [2.361421, 48.898048], [2.360827, 48.898327], [2.360382, 48.898556], [2.359961, 48.898785], [2.35917, 48.899246], [2.358298, 48.899738], [2.357239, 48.900349], [2.357016, 48.900494], [2.356652, 48.900749], [2.356301, 48.901054], [2.355868, 48.901546], [2.355678, 48.901798], [2.355592, 48.90197], [2.355417, 48.902378], [2.355308, 48.902699], [2.355116, 48.903313], [2.355072, 48.903496], [2.355036, 48.903736], [2.355006, 48.903885], [2.354848, 48.904396], [2.354804, 48.904568], [2.354749, 48.904934], [2.354723, 48.905308], [2.354719, 48.905964], [2.354787, 48.907207], [2.354805, 48.907352], [2.35485, 48.907604], [2.354995, 48.908134], [2.355016, 48.908283], [2.355017, 48.908436], [2.355006, 48.908566], [2.354984, 48.908661], [2.354935, 48.908806], [2.354844, 48.909004], [2.354749, 48.90918], [2.354637, 48.909363], [2.354489, 48.909576], [2.35433, 48.909752], [2.354131, 48.909924], [2.353907, 48.910095], [2.353475, 48.910366], [2.353328, 48.910492], [2.352941, 48.910797], [2.352788, 48.910957], [2.352651, 48.911121], [2.352947, 48.91069], [2.353129, 48.910389], [2.353281, 48.910072], [2.353377, 48.909794], [2.353442, 48.909523], [2.353478, 48.909248], [2.353496, 48.908943], [2.353529, 48.907864], [2.353557, 48.907402], [2.353615, 48.907024], [2.353699, 48.906719], [2.353834, 48.906399], [2.354001, 48.906052], [2.354091, 48.90583], [2.354923, 48.903446], [2.354996, 48.903168], [2.355021, 48.903023], [2.355047, 48.902786], [2.355051, 48.902512], [2.355023, 48.902229], [2.354908, 48.901585], [2.354878, 48.901337], [2.354882, 48.900879], [2.35499, 48.899929], [2.355157, 48.89859], [2.355233, 48.898098], [2.355312, 48.897697], [2.355391, 48.89735], [2.35571, 48.896008], [2.355987, 48.894909], [2.356038, 48.894772], [2.356175, 48.894478], [2.356676, 48.89352], [2.356942, 48.892994], [2.357119, 48.892551], [2.357245, 48.892136], [2.357339, 48.89172], [2.357438, 48.89135], [2.357481, 48.891129], [2.357528, 48.890537], [2.357551, 48.8904], [2.357627, 48.890057], [2.357678, 48.889767], [2.357785, 48.888985], [2.357883, 48.888386], [2.357919, 48.887985], [2.358006, 48.88673], [2.358066, 48.885513], [2.358066, 48.885273], [2.358045, 48.884769], [2.358053, 48.884682], [2.358084, 48.884537], [2.358155, 48.884346], [2.358196, 48.884167], [2.358226, 48.883919], [2.358238, 48.883724], [2.358238, 48.883545], [2.358224, 48.883137], [2.358193, 48.882809], [2.358118, 48.882423], [2.358037, 48.882145], [2.357927, 48.881847], [2.357382, 48.880661], [2.357287, 48.880489], [2.357152, 48.880276], [2.356929, 48.880005], [2.356827, 48.879898], [2.355374, 48.878601], [2.355082, 48.878361], [2.354722, 48.878094], [2.353615, 48.877411], [2.351202, 48.876026], [2.350754, 48.875736], [2.350455, 48.8755], [2.350113, 48.875183], [2.349828, 48.874855], [2.346189, 48.869671], [2.345965, 48.869286], [2.345798, 48.868942], [2.345666, 48.868618], [2.345553, 48.868244], [2.34546, 48.86787], [2.345434, 48.867733], [2.3454, 48.867409], [2.345376, 48.866932], [2.345413, 48.86647], [2.345491, 48.865997], [2.34559, 48.865646], [2.34614, 48.864204], [2.346385, 48.863583], [2.346692, 48.862854], [2.347847, 48.860168], [2.348466, 48.859066], [2.34889, 48.858356], [2.349169, 48.857967], [2.349801, 48.857342], [2.350391, 48.856976], [2.351186, 48.856609], [2.354004, 48.855705], [2.355748, 48.855167], [2.358299, 48.854305], [2.35927, 48.853962], [2.360114, 48.853607], [2.360922, 48.853153], [2.361573, 48.852753], [2.362219, 48.852337], [2.363648, 48.851303], [2.365184, 48.850151], [2.366462, 48.849056], [2.367736, 48.848156], [2.369654, 48.8466], [2.370319, 48.846088], [2.372514, 48.844749], [2.373344, 48.844288], [2.373798, 48.844051], [2.374487, 48.843662], [2.375319, 48.843178], [2.375721, 48.842979], [2.376275, 48.842777], [2.376832, 48.84264], [2.377191, 48.842564], [2.377523, 48.84251], [2.377917, 48.842464], [2.37831, 48.842453], [2.378736, 48.842487], [2.379137, 48.842567], [2.37965, 48.84272], [2.380156, 48.842926], [2.380733, 48.843224], [2.38125, 48.843525], [2.3816, 48.84375], [2.381946, 48.844025], [2.382232, 48.844288], [2.382512, 48.844574], [2.382745, 48.84486], [2.383754, 48.846416], [2.384015, 48.846859], [2.384637, 48.847549], [2.385076, 48.847916], [2.385575, 48.848206], [2.386033, 48.848442], [2.386592, 48.848675], [2.387183, 48.848881], [2.387743, 48.84903], [2.388321, 48.849144], [2.388893, 48.849205], [2.38946, 48.849232], [2.390069, 48.849228], [2.390622, 48.849197], [2.391175, 48.849144], [2.392006, 48.849026], [2.394195, 48.848637], [2.39779, 48.847878], [2.398168, 48.84779], [2.398466, 48.847694], [2.398733, 48.847603], [2.398951, 48.847492], [2.401488, 48.845684], [2.402179, 48.845329], [2.402539, 48.845169], [2.403217, 48.844936], [2.403682, 48.844826], [2.404795, 48.844643], [2.405727, 48.844555], [2.407515, 48.844463], [2.410239, 48.844299], [2.412615, 48.844067], [2.414843, 48.843826], [2.416107, 48.843704], [2.41677, 48.843681], [2.417275, 48.843678], [2.417569, 48.843681], [2.417777, 48.843697], [2.418197, 48.843739], [2.418587, 48.843807], [2.419738, 48.844143], [2.420222, 48.844315], [2.420732, 48.844536], [2.422237, 48.845249], [2.422604, 48.845436], [2.423943, 48.846073], [2.424426, 48.846287], [2.424677, 48.846386], [2.42538, 48.846645], [2.42592, 48.846813], [2.426435, 48.846951], [2.426951, 48.847073], [2.4275, 48.847176], [2.427912, 48.847244], [2.42848, 48.847317], [2.429011, 48.847366], [2.429305, 48.847385], [2.430326, 48.847424], [2.430645, 48.84742], [2.43416, 48.847313], [2.436438, 48.847206], [2.440093, 48.847076], [2.440797, 48.847061], [2.442436, 48.847046], [2.444146, 48.846989], [2.44482, 48.846954], [2.447762, 48.846775], [2.448393, 48.846722], [2.448912, 48.846661], [2.449224, 48.846619], [2.449795, 48.846523], [2.450859, 48.846321], [2.451529, 48.846218], [2.453173, 48.845978], [2.455477, 48.84557], [2.456942, 48.845287], [2.46137, 48.844467], [2.462181, 48.844284], [2.463501, 48.844021], [2.464585, 48.84383], [2.465231, 48.843739], [2.465965, 48.84362], [2.466408, 48.843594], [2.466818, 48.843582], [2.467162, 48.843601], [2.467543, 48.843639], [2.46832, 48.843754], [2.468832, 48.843864], [2.469185, 48.843956], [2.46954, 48.844082], [2.469894, 48.84425], [2.470296, 48.844463], [2.470805, 48.844746], [2.471761, 48.845245], [2.472346, 48.845524], [2.47297, 48.845837], [2.476552, 48.847565], [2.47935, 48.848881], [2.481424, 48.849937], [2.483821, 48.851276], [2.486702, 48.852966], [2.488101, 48.853775], [2.490667, 48.855297], [2.49133, 48.855682], [2.491548, 48.855801], [2.492086, 48.856083], [2.492517, 48.856281], [2.492763, 48.856388], [2.493313, 48.856602], [2.493862, 48.856789], [2.494196, 48.856888], [2.49479, 48.857044], [2.495064, 48.857109], [2.495726, 48.857246], [2.49634, 48.857342], [2.49669, 48.857388], [2.497366, 48.857452], [2.497955, 48.857483], [2.498544, 48.857498], [2.499104, 48.857491], [2.499372, 48.857479], [2.50001, 48.857437], [2.500597, 48.85738], [2.508277, 48.856346], [2.509205, 48.856205], [2.509736, 48.856083], [2.510265, 48.855942], [2.510749, 48.855778], [2.511068, 48.855644], [2.511356, 48.855515], [2.511554, 48.855415], [2.512023, 48.855152], [2.512223, 48.855026], [2.512451, 48.85487], [2.512633, 48.854733], [2.512779, 48.85461], [2.513078, 48.85434], [2.513235, 48.854179], [2.514719, 48.852417], [2.51516, 48.851913], [2.515514, 48.851582], [2.515874, 48.851257], [2.516167, 48.851009], [2.51641, 48.850819], [2.517006, 48.850395], [2.517615, 48.850014], [2.51805, 48.84977], [2.51936, 48.849102], [2.520095, 48.848747], [2.522625, 48.847477], [2.52307, 48.847229], [2.52359, 48.84692], [2.523961, 48.846664], [2.524238, 48.846451], [2.524617, 48.84613], [2.525701, 48.845119], [2.525953, 48.844898], [2.52696, 48.84396], [2.527516, 48.843422], [2.528297, 48.842697], [2.528476, 48.842525], [2.528764, 48.842297], [2.528988, 48.842136], [2.52942, 48.841869], [2.52989, 48.841618], [2.530267, 48.84145], [2.530674, 48.84129], [2.53089, 48.841217], [2.531421, 48.841057], [2.531694, 48.840988], [2.531942, 48.840935], [2.532436, 48.840843], [2.532685, 48.840805], [2.533375, 48.840733], [2.533812, 48.840714], [2.534378, 48.840702], [2.534787, 48.840706], [2.538504, 48.84074], [2.54, 48.840782], [2.538897, 48.84071], [2.534786, 48.840668], [2.534382, 48.840668], [2.533804, 48.840679], [2.533357, 48.840702], [2.532926, 48.84074], [2.532428, 48.840816], [2.532167, 48.840858], [2.531924, 48.840904], [2.531678, 48.840961], [2.531136, 48.841103], [2.530857, 48.84119], [2.530652, 48.841263], [2.530433, 48.841343], [2.530027, 48.841515], [2.529587, 48.841732], [2.529373, 48.84185], [2.529176, 48.841969], [2.528941, 48.842121], [2.528575, 48.842381], [2.528412, 48.842525], [2.528264, 48.842674], [2.527473, 48.843407], [2.526934, 48.843925], [2.526479, 48.844341], [2.526187, 48.84462], [2.526187, 48.84462], [2.52591, 48.844879], [2.525657, 48.845104], [2.524697, 48.846004], [2.524376, 48.846287], [2.524196, 48.846436], [2.523924, 48.846642], [2.523542, 48.846905], [2.523041, 48.847198], [2.522565, 48.84745], [2.520966, 48.84827], [2.518026, 48.849751], [2.517279, 48.850182], [2.516966, 48.85038], [2.516606, 48.850636], [2.516357, 48.8508], [2.516132, 48.850975], [2.51564, 48.851406], [2.51546, 48.851566], [2.515117, 48.851898], [2.514676, 48.852402], [2.513809, 48.853432], [2.513187, 48.854153], [2.512892, 48.854443], [2.512592, 48.854702], [2.512401, 48.854851], [2.512194, 48.855], [2.51178, 48.855247], [2.51131, 48.855488], [2.511037, 48.85561], [2.510501, 48.855816], [2.510228, 48.855907], [2.509718, 48.856049], [2.509185, 48.856167], [2.508271, 48.856316], [2.500562, 48.857349], [2.499954, 48.85741], [2.499346, 48.857449], [2.498762, 48.857464], [2.498458, 48.857464], [2.497874, 48.857449], [2.497561, 48.85743], [2.497003, 48.857384], [2.496696, 48.857353], [2.495992, 48.857258], [2.495697, 48.857204], [2.495069, 48.857079], [2.494758, 48.857002], [2.494137, 48.856831], [2.493544, 48.856644], [2.493011, 48.856445], [2.492724, 48.856323], [2.4923, 48.856136], [2.491786, 48.855881], [2.491326, 48.855621], [2.489859, 48.854763], [2.489543, 48.854565], [2.486793, 48.852947], [2.48194, 48.850121], [2.479425, 48.848843], [2.477999, 48.848183], [2.476618, 48.847507], [2.473616, 48.846092], [2.471813, 48.845203], [2.47134, 48.844963], [2.470862, 48.844707], [2.470365, 48.844425], [2.469948, 48.844208], [2.469581, 48.84404], [2.469222, 48.843906], [2.468867, 48.843819], [2.468343, 48.843708], [2.467563, 48.843586], [2.467185, 48.843544], [2.466808, 48.843521], [2.466407, 48.843525], [2.46594, 48.843563], [2.46469, 48.843754], [2.463152, 48.844021], [2.462631, 48.844128], [2.461171, 48.844463], [2.456953, 48.845253], [2.455831, 48.84547], [2.454983, 48.845619], [2.454158, 48.845741], [2.453154, 48.845905], [2.451927, 48.846127], [2.451514, 48.846195], [2.450848, 48.846287], [2.450525, 48.846317], [2.448207, 48.846581], [2.447589, 48.846642], [2.44691, 48.846691], [2.444696, 48.846821], [2.442403, 48.846916], [2.440686, 48.847023], [2.434161, 48.847275], [2.430342, 48.847385], [2.42966, 48.84737], [2.429026, 48.847332], [2.428492, 48.847282], [2.428191, 48.847244], [2.427238, 48.847092], [2.426626, 48.846962], [2.426054, 48.846813], [2.425477, 48.846638], [2.424742, 48.846375], [2.424252, 48.846172], [2.423994, 48.846054], [2.421912, 48.845051], [2.420758, 48.844505], [2.420247, 48.844284], [2.419769, 48.844109], [2.418792, 48.843822], [2.418547, 48.843761], [2.418295, 48.843716], [2.417919, 48.84367], [2.417678, 48.843651], [2.417469, 48.843647], [2.416764, 48.843647], [2.416107, 48.843662], [2.414521, 48.8438], [2.412596, 48.844017], [2.410232, 48.844261], [2.40751, 48.844429], [2.405706, 48.844517], [2.404778, 48.844604], [2.403969, 48.844704], [2.403176, 48.844845], [2.402393, 48.845089], [2.401828, 48.845341], [2.401375, 48.845596], [2.398861, 48.847424], [2.398665, 48.847534], [2.398421, 48.847649], [2.398088, 48.847767], [2.397531, 48.8479], [2.394453, 48.848553], [2.394177, 48.848606], [2.391972, 48.848988], [2.391594, 48.849041], [2.391177, 48.849075], [2.390591, 48.849098], [2.38998, 48.849094], [2.389207, 48.849052], [2.388623, 48.849003], [2.388232, 48.848942], [2.387826, 48.848839], [2.387127, 48.848606], [2.386537, 48.848358], [2.386061, 48.848103], [2.385655, 48.84782], [2.385319, 48.847572], [2.385018, 48.847279], [2.384614, 48.846775], [2.383019, 48.844505], [2.382807, 48.844234], [2.382517, 48.843929], [2.382204, 48.843636], [2.381742, 48.8433], [2.381153, 48.842937], [2.380592, 48.842579], [2.380364, 48.842445], [2.380034, 48.842293], [2.379706, 48.842175], [2.379325, 48.842083], [2.378945, 48.842022], [2.378615, 48.841991], [2.378275, 48.841991], [2.37741, 48.842102], [2.376956, 48.842201], [2.376465, 48.842342], [2.375987, 48.842499], [2.375544, 48.842686], [2.375057, 48.842934], [2.374174, 48.843407], [2.372825, 48.844162], [2.372488, 48.844364], [2.372124, 48.844604], [2.370878, 48.845524], [2.363133, 48.85144], [2.361814, 48.852264], [2.360649, 48.852879], [2.359332, 48.853485], [2.358171, 48.853954], [2.350975, 48.856445], [2.349805, 48.857014], [2.34873, 48.857704], [2.347946, 48.858494], [2.347355, 48.859455], [2.347056, 48.860435], [2.346129, 48.862598], [2.345945, 48.863277], [2.345793, 48.86377], [2.345371, 48.865368], [2.345122, 48.865986], [2.344713, 48.866619], [2.344295, 48.867008], [2.343833, 48.867348], [2.343306, 48.867653], [2.342514, 48.868027], [2.341272, 48.868462], [2.339204, 48.86903], [2.334676, 48.870018], [2.33347, 48.87035], [2.332595, 48.870689], [2.331884, 48.87104], [2.331136, 48.871452], [2.33263, 48.870724], [2.33349, 48.870388], [2.334692, 48.870052], [2.339231, 48.86908], [2.341296, 48.868515], [2.342575, 48.868065], [2.343372, 48.867695], [2.343899, 48.867397], [2.34437, 48.867043], [2.344799, 48.866646], [2.345293, 48.866001], [2.345767, 48.865246], [2.346047, 48.86475], [2.34634, 48.864353], [2.346706, 48.863605], [2.346812, 48.862717], [2.347821, 48.860363], [2.348031, 48.859982], [2.348525, 48.85928], [2.348992, 48.858646], [2.349185, 48.858345], [2.349321, 48.858032], [2.349399, 48.857712], [2.349418, 48.857388], [2.349377, 48.857063], [2.349277, 48.856743], [2.349119, 48.856434], [2.349019, 48.856285], [2.347821, 48.854626], [2.347691, 48.854458], [2.347547, 48.854294], [2.34739, 48.854137], [2.347221, 48.853985], [2.34704, 48.85384], [2.346848, 48.853699], [2.346645, 48.853569], [2.343911, 48.851898], [2.343569, 48.851662], [2.343272, 48.851402], [2.343025, 48.85112], [2.342831, 48.850822], [2.342308, 48.849735], [2.340606, 48.846943], [2.340382, 48.846485], [2.339282, 48.844448], [2.338511, 48.843113], [2.338002, 48.842201], [2.337558, 48.841309], [2.337468, 48.841228], [2.337952, 48.842209], [2.339237, 48.844456], [2.340333, 48.846497], [2.340566, 48.846954], [2.342259, 48.849747], [2.342938, 48.851135], [2.343132, 48.851437], [2.343379, 48.851719], [2.343676, 48.851978], [2.344018, 48.852211], [2.346454, 48.853699], [2.346657, 48.853832], [2.346849, 48.853973], [2.34703, 48.854118], [2.347199, 48.854271], [2.347356, 48.854427], [2.347499, 48.854591], [2.34763, 48.854755], [2.347747, 48.854927], [2.34794, 48.855282], [2.348341, 48.856155], [2.34844, 48.856476], [2.34848, 48.8568], [2.34846, 48.857124], [2.348381, 48.857445], [2.347797, 48.859177], [2.347432, 48.860229], [2.346453, 48.862511], [2.34622, 48.863075], [2.345928, 48.863991], [2.345791, 48.864326], [2.345611, 48.865032], [2.345424, 48.865997], [2.345354, 48.866467], [2.345316, 48.866928], [2.34534, 48.867405], [2.345384, 48.867733], [2.34549, 48.868252], [2.345605, 48.868637], [2.345732, 48.868961], [2.3459, 48.869308], [2.346119, 48.869686], [2.349779, 48.87487], [2.350053, 48.875206], [2.350375, 48.875519], [2.350719, 48.875778], [2.351152, 48.876053], [2.35358, 48.877434], [2.354201, 48.877846], [2.354758, 48.878311], [2.356179, 48.879681], [2.35653, 48.879993], [2.356734, 48.880215], [2.356979, 48.88055], [2.357055, 48.880676], [2.357161, 48.880882], [2.357404, 48.881405], [2.357659, 48.881977], [2.357756, 48.882244], [2.357827, 48.882492], [2.357882, 48.882751], [2.357908, 48.882938], [2.357925, 48.883121], [2.357941, 48.883568], [2.357942, 48.885208], [2.357929, 48.886402], [2.357854, 48.887524], [2.357781, 48.88834], [2.357557, 48.889816], [2.357486, 48.890144], [2.357395, 48.890472], [2.357292, 48.890755], [2.357122, 48.891155], [2.35563, 48.894276], [2.355417, 48.894806], [2.354898, 48.896339], [2.35472, 48.896965], [2.354626, 48.897404], [2.354602, 48.897556], [2.354564, 48.897942], [2.354511, 48.899231], [2.354477, 48.899654], [2.35445, 48.899857], [2.354402, 48.90012], [2.354136, 48.901302], [2.353956, 48.901924], [2.353571, 48.903095], [2.353424, 48.903629], [2.353362, 48.903934], [2.353057, 48.905991], [2.352908, 48.907253], [2.352865, 48.907524], [2.352775, 48.907967], [2.352631, 48.908501], [2.352266, 48.909637], [2.352213, 48.909859], [2.35217, 48.910118], [2.352142, 48.910454], [2.352153, 48.910778], [2.352193, 48.911053], [2.352249, 48.911293], [2.352292, 48.911427], [2.35239, 48.911667], [2.352496, 48.911892], [2.35265, 48.912144], [2.352837, 48.912399], [2.353103, 48.912704], [2.353205, 48.912807], [2.353401, 48.912991], [2.353728, 48.913246], [2.354033, 48.913456], [2.35421, 48.913567], [2.354978, 48.914017], [2.356345, 48.914764], [2.356084, 48.914639], [2.35585, 48.914536], [2.355375, 48.914337], [2.355027, 48.914204], [2.354465, 48.914013], [2.353711, 48.913784], [2.35338, 48.913673], [2.353189, 48.913586], [2.352926, 48.913437], [2.352784, 48.913338], [2.352598, 48.913174], [2.352526, 48.913097], [2.352422, 48.912971], [2.352331, 48.91283], [2.352279, 48.912727], [2.352217, 48.912556], [2.35217, 48.9123], [2.352161, 48.91217], [2.352169, 48.912064], [2.352202, 48.9119], [2.352241, 48.911793], [2.352318, 48.911633], [2.352451, 48.911415], [2.352651, 48.911121], [2.352788, 48.910957], [2.352941, 48.910797], [2.353328, 48.910492], [2.353475, 48.910366], [2.353907, 48.910095], [2.354131, 48.909924], [2.35433, 48.909752], [2.354489, 48.909576], [2.354637, 48.909363], [2.354749, 48.90918], [2.354844, 48.909004], [2.354935, 48.908806], [2.354984, 48.908661], [2.355006, 48.908566], [2.355017, 48.908436], [2.355016, 48.908283], [2.354995, 48.908134], [2.35485, 48.907604], [2.354805, 48.907352], [2.354787, 48.907207], [2.354719, 48.905964], [2.354723, 48.905308], [2.354749, 48.904934], [2.354804, 48.904568], [2.354848, 48.904396], [2.355006, 48.903885], [2.355036, 48.903736], [2.355072, 48.903496], [2.355116, 48.903313], [2.355308, 48.902699], [2.355417, 48.902378], [2.355592, 48.90197], [2.355678, 48.901798], [2.355868, 48.901546], [2.356301, 48.901054], [2.356652, 48.900749], [2.357016, 48.900494], [2.357239, 48.900349], [2.358298, 48.899738], [2.35917, 48.899246], [2.359961, 48.898785], [2.360382, 48.898556], [2.360827, 48.898327], [2.361421, 48.898048], [2.361735, 48.89793], [2.361952, 48.897854], [2.362292, 48.897766], [2.362641, 48.897701], [2.363187, 48.897629], [2.363651, 48.897587], [2.365988, 48.897442], [2.366301, 48.89743], [2.366795, 48.897446], [2.368274, 48.897533], [2.368532, 48.897537], [2.368807, 48.897533], [2.37012, 48.897457], [2.370862, 48.897388], [2.371264, 48.897327], [2.373119, 48.896973], [2.37344, 48.896927], [2.373799, 48.896904], [2.374121, 48.896912], [2.374362, 48.896935], [2.374843, 48.897018], [2.376206, 48.897377], [2.376489, 48.897446], [2.376958, 48.897545], [2.377534, 48.89764], [2.378248, 48.897732], [2.378884, 48.897789], [2.379574, 48.897823], [2.381833, 48.897903], [2.383186, 48.897961], [2.384127, 48.897991], [2.384708, 48.897999], [2.386385, 48.897995], [2.387214, 48.89801], [2.388419, 48.898056], [2.390945, 48.898098], [2.391326, 48.89809], [2.391746, 48.898071], [2.392152, 48.898026], [2.393622, 48.89777], [2.394083, 48.897694], [2.39438, 48.897663], [2.394759, 48.89764], [2.395093, 48.897633], [2.395461, 48.897636], [2.397439, 48.897751], [2.398256, 48.897808], [2.39852, 48.897816], [2.39852, 48.897816], [2.398256, 48.897808], [2.397439, 48.897751], [2.395461, 48.897636], [2.395093, 48.897633], [2.394759, 48.89764], [2.39438, 48.897663], [2.394083, 48.897694], [2.393622, 48.89777], [2.392152, 48.898026], [2.391746, 48.898071], [2.391326, 48.89809], [2.390945, 48.898098], [2.388419, 48.898056], [2.387214, 48.89801], [2.386385, 48.897995], [2.384708, 48.897999], [2.384127, 48.897991], [2.383186, 48.897961], [2.381833, 48.897903], [2.379574, 48.897823], [2.378884, 48.897789], [2.378248, 48.897732], [2.377534, 48.89764], [2.376958, 48.897545], [2.376489, 48.897446], [2.376206, 48.897377], [2.374363, 48.896889], [2.37378, 48.896717], [2.373164, 48.896507], [2.372651, 48.896305], [2.372142, 48.896072], [2.371697, 48.895844], [2.370427, 48.895161], [2.370188, 48.89502], [2.370004, 48.894894], [2.369442, 48.89447], [2.368858, 48.893974], [2.368702, 48.893829], [2.368325, 48.893459], [2.368218, 48.893333], [2.368135, 48.893215], [2.368063, 48.893093], [2.368002, 48.892971], [2.367953, 48.892845], [2.367915, 48.892719], [2.367889, 48.89259], [2.367875, 48.89246], [2.367826, 48.892227], [2.367787, 48.892101], [2.36772, 48.891941], [2.367571, 48.891678], [2.36566, 48.888462], [2.365483, 48.888176], [2.365365, 48.888004], [2.365207, 48.887791], [2.364819, 48.887329], [2.364541, 48.886978], [2.364325, 48.886692], [2.364144, 48.886417], [2.363846, 48.885921], [2.363704, 48.885662], [2.363416, 48.885021], [2.363298, 48.884781], [2.363062, 48.884373], [2.362824, 48.884064], [2.362559, 48.883621], [2.361837, 48.882454], [2.361455, 48.881813], [2.361322, 48.881443], [2.361274, 48.881187], [2.361194, 48.880985], [2.361156, 48.88084], [2.360981, 48.879883], [2.360919, 48.879654], [2.360842, 48.879452], [2.360775, 48.879311], [2.360697, 48.879166], [2.360333, 48.878555]]}, "properties": {"id": "transilien-p", "branchId": "transilien-p::0", "termini": "Provins - Gare de l'Est", "source": "Ile-de-France Mobilites GTFS (data.iledefrance-mobilites.fr), Mobility License"}}, {"type": "Feature", "geometry": {"type": "LineString", "coordinates": [[3.082027, 48.807701], [3.076057, 48.810623], [3.075361, 48.810925], [3.073914, 48.811508], [3.073531, 48.811642], [3.073022, 48.811794], [3.072702, 48.811871], [3.072282, 48.811958], [3.071823, 48.812023], [3.071408, 48.812061], [3.071015, 48.812084], [3.070608, 48.812096], [3.070207, 48.812092], [3.069905, 48.812077], [3.069449, 48.812042], [3.069124, 48.812], [3.068734, 48.811935], [3.068243, 48.811832], [3.067731, 48.811703], [3.063451, 48.810539], [3.062765, 48.810379], [3.061884, 48.810219], [3.061445, 48.81015], [3.060901, 48.810089], [3.060428, 48.810047], [3.059834, 48.810009], [3.059526, 48.809998], [3.058698, 48.80999], [3.058273, 48.809998], [3.057735, 48.810024], [3.057006, 48.810089], [3.056528, 48.810143], [3.056249, 48.810184], [3.055565, 48.810303], [3.055265, 48.81036], [3.054622, 48.810509], [3.054275, 48.8106], [3.052766, 48.81102], [3.046072, 48.812923], [3.042327, 48.813969], [3.042327, 48.813969], [3.036105, 48.815704], [3.035602, 48.815838], [3.034971, 48.81599], [3.034315, 48.816124], [3.033546, 48.816246], [3.032728, 48.816345], [3.032261, 48.816387], [3.031523, 48.816425], [3.030867, 48.816444], [3.029808, 48.816425], [3.029159, 48.816391], [3.028497, 48.81633], [3.027982, 48.816273], [3.027576, 48.816216], [3.027078, 48.816132], [3.026409, 48.815998], [3.025955, 48.815895], [3.025467, 48.815769], [3.025035, 48.815647], [3.02453, 48.815487], [3.02387, 48.81525], [3.010413, 48.810204], [3.007789, 48.809231], [3.007133, 48.80901], [3.00638, 48.808777], [3.00597, 48.808666], [3.005113, 48.808468], [3.001667, 48.807774], [3.001006, 48.807659], [3.000585, 48.807602], [2.999943, 48.807545], [2.999675, 48.807529], [2.999222, 48.807514], [2.998733, 48.80751], [2.998088, 48.807537], [2.997524, 48.807583], [2.996751, 48.807682], [2.99617, 48.807781], [2.995559, 48.807919], [2.995134, 48.808029], [2.994799, 48.808125], [2.993225, 48.808617], [2.993225, 48.808617], [2.989365, 48.809826], [2.988928, 48.809952], [2.988461, 48.81007], [2.987867, 48.810188], [2.987413, 48.810253], [2.987103, 48.810284], [2.986651, 48.81031], [2.986193, 48.810318], [2.985843, 48.81031], [2.985433, 48.810284], [2.985002, 48.810242], [2.984598, 48.810181], [2.984398, 48.810146], [2.984, 48.810062], [2.983439, 48.80991], [2.983191, 48.80983], [2.98269, 48.809647], [2.982322, 48.809483], [2.982172, 48.809406], [2.981869, 48.809235], [2.981553, 48.809048], [2.981274, 48.808857], [2.981025, 48.808662], [2.980642, 48.808338], [2.979953, 48.807671], [2.979668, 48.807411], [2.979389, 48.807186], [2.979057, 48.806953], [2.978763, 48.806774], [2.978442, 48.806599], [2.978268, 48.806511], [2.978042, 48.806404], [2.977755, 48.806286], [2.977286, 48.806118], [2.977089, 48.806053], [2.976748, 48.805954], [2.976307, 48.805847], [2.970878, 48.804646], [2.969736, 48.804401], [2.969414, 48.804344], [2.968823, 48.80426], [2.968327, 48.804211], [2.967967, 48.804188], [2.967512, 48.804176], [2.967268, 48.804176], [2.966753, 48.804192], [2.966158, 48.804234], [2.965592, 48.804306], [2.964988, 48.804413], [2.964371, 48.804554], [2.963882, 48.804695], [2.963398, 48.804863], [2.962952, 48.805042], [2.962484, 48.805264], [2.962128, 48.805454], [2.961886, 48.805603], [2.961546, 48.805832], [2.961168, 48.806118], [2.960904, 48.806335], [2.959271, 48.807774], [2.958495, 48.808445], [2.958133, 48.808735], [2.957951, 48.808868], [2.957622, 48.809093], [2.957308, 48.809292], [2.956988, 48.809479], [2.956782, 48.809593], [2.956343, 48.809822], [2.956019, 48.809975], [2.955503, 48.810196], [2.955051, 48.810368], [2.954594, 48.810528], [2.954594, 48.810528], [2.95401, 48.810703], [2.953392, 48.810863], [2.952971, 48.810955], [2.952517, 48.811043], [2.951804, 48.811153], [2.948256, 48.811607], [2.947064, 48.811771], [2.946523, 48.811855], [2.945855, 48.811974], [2.944905, 48.812157], [2.939694, 48.813278], [2.939288, 48.813354], [2.938381, 48.813492], [2.937973, 48.813534], [2.9376, 48.813568], [2.937147, 48.813595], [2.936776, 48.81361], [2.9361, 48.813618], [2.935087, 48.813595], [2.934231, 48.813549], [2.933702, 48.813511], [2.933204, 48.813457], [2.932761, 48.8134], [2.932063, 48.813286], [2.931295, 48.813126], [2.930602, 48.812943], [2.929885, 48.812725], [2.929538, 48.812603], [2.929158, 48.812458], [2.928691, 48.812267], [2.928095, 48.811996], [2.927709, 48.811802], [2.927345, 48.811611], [2.926852, 48.811321], [2.926198, 48.810894], [2.925675, 48.81052], [2.925375, 48.810287], [2.924747, 48.809772], [2.923567, 48.808765], [2.922858, 48.808178], [2.921368, 48.806908], [2.921079, 48.806671], [2.920863, 48.806499], [2.920385, 48.806145], [2.919757, 48.805725], [2.919468, 48.805542], [2.918954, 48.805241], [2.914957, 48.803097], [2.913201, 48.802166], [2.912204, 48.801617], [2.911743, 48.801353], [2.911203, 48.801025], [2.910744, 48.800735], [2.91028, 48.800426], [2.909566, 48.799923], [2.909034, 48.799515], [2.908678, 48.799217], [2.908298, 48.798859], [2.908112, 48.798668], [2.907933, 48.798466], [2.907766, 48.798264], [2.907589, 48.798035], [2.907398, 48.797768], [2.907294, 48.797611], [2.907015, 48.797138], [2.906886, 48.796894], [2.906703, 48.796494], [2.906577, 48.796173], [2.906476, 48.795872], [2.906328, 48.795326], [2.906264, 48.794956], [2.906211, 48.79443], [2.9062, 48.794228], [2.906208, 48.793766], [2.906239, 48.793385], [2.906286, 48.793076], [2.906355, 48.792736], [2.906508, 48.792202], [2.907361, 48.789692], [2.90751, 48.789238], [2.90751, 48.789238], [2.907669, 48.788723], [2.907757, 48.788338], [2.907823, 48.787952], [2.907857, 48.787647], [2.907874, 48.787361], [2.907872, 48.7869], [2.90784, 48.786465], [2.907788, 48.786098], [2.907729, 48.785805], [2.907678, 48.785599], [2.90759, 48.78529], [2.907511, 48.785065], [2.907301, 48.78455], [2.907115, 48.784187], [2.906891, 48.783806], [2.906661, 48.783463], [2.906389, 48.783112], [2.906047, 48.782726], [2.905186, 48.781849], [2.900151, 48.776814], [2.898696, 48.775379], [2.897326, 48.774006], [2.896881, 48.77354], [2.892913, 48.769573], [2.892399, 48.769016], [2.892297, 48.768898], [2.892033, 48.768562], [2.891889, 48.768356], [2.891696, 48.768055], [2.891111, 48.767097], [2.882549, 48.753014], [2.875939, 48.742126], [2.874864, 48.740356], [2.874667, 48.740063], [2.874349, 48.739628], [2.873942, 48.739124], [2.87343, 48.738564], [2.87291, 48.738049], [2.872577, 48.737736], [2.872177, 48.737381], [2.871627, 48.736919], [2.871317, 48.736671], [2.8708, 48.736275], [2.869651, 48.735416], [2.869152, 48.735058], [2.868838, 48.734833], [2.868286, 48.73447], [2.868286, 48.73447], [2.867807, 48.734177], [2.866102, 48.733189], [2.865146, 48.732651], [2.864697, 48.73243], [2.863785, 48.73204], [2.863292, 48.731846], [2.862559, 48.731586], [2.861554, 48.731247], [2.860834, 48.731026], [2.860383, 48.7309], [2.859452, 48.730656], [2.858829, 48.730503], [2.857777, 48.730278], [2.856646, 48.730068], [2.855654, 48.729912], [2.854867, 48.729809], [2.854299, 48.72974], [2.853298, 48.729645], [2.852473, 48.729584], [2.851889, 48.729549], [2.850717, 48.729507], [2.850019, 48.7295], [2.805317, 48.729252], [2.804506, 48.729271], [2.803957, 48.729305], [2.803114, 48.729385], [2.802688, 48.729443], [2.802156, 48.729527], [2.801555, 48.729641], [2.799225, 48.730141], [2.777491, 48.734837], [2.767619, 48.736961], [2.765566, 48.737419], [2.764962, 48.737576], [2.764199, 48.737793], [2.762305, 48.738388], [2.762, 48.738464], [2.76156, 48.73859], [2.7587, 48.739502], [2.7587, 48.739502], [2.749284, 48.742516], [2.748794, 48.742668], [2.748423, 48.742771], [2.747756, 48.742943], [2.747087, 48.743084], [2.746615, 48.743176], [2.746307, 48.743225], [2.745673, 48.743313], [2.74482, 48.743401], [2.744141, 48.743443], [2.743461, 48.743465], [2.74305, 48.743465], [2.742626, 48.743458], [2.742083, 48.743435], [2.736547, 48.743095], [2.735828, 48.743069], [2.735259, 48.743073], [2.734748, 48.743099], [2.734219, 48.743149], [2.733421, 48.743252], [2.732928, 48.743332], [2.732383, 48.743443], [2.732095, 48.743507], [2.731638, 48.743629], [2.731373, 48.74371], [2.730839, 48.743889], [2.730569, 48.743996], [2.730223, 48.744167], [2.730081, 48.744247], [2.72985, 48.744404], [2.729535, 48.744633], [2.729016, 48.744972], [2.727321, 48.746265], [2.727321, 48.746265], [2.725582, 48.747585], [2.723704, 48.749096], [2.723207, 48.749454], [2.722811, 48.749706], [2.722503, 48.749893], [2.721953, 48.750195], [2.72156, 48.750389], [2.721123, 48.750595], [2.720632, 48.750797], [2.720013, 48.75103], [2.718534, 48.751514], [2.708531, 48.754601], [2.707673, 48.754879], [2.707016, 48.755112], [2.706616, 48.755272], [2.706153, 48.755474], [2.705828, 48.755627], [2.705497, 48.755795], [2.704951, 48.756096], [2.704394, 48.756432], [2.703758, 48.756866], [2.703363, 48.757179], [2.702907, 48.757565], [2.693323, 48.766232], [2.692767, 48.766747], [2.692477, 48.767029], [2.692128, 48.767399], [2.691772, 48.767834], [2.691513, 48.768196], [2.691382, 48.768394], [2.69126, 48.768597], [2.691127, 48.768833], [2.690916, 48.76926], [2.690718, 48.769688], [2.690238, 48.770782], [2.690238, 48.770782], [2.688784, 48.774078], [2.686094, 48.780224], [2.685854, 48.780766], [2.685548, 48.781376], [2.685304, 48.781792], [2.685043, 48.782162], [2.684836, 48.78244], [2.684594, 48.782738], [2.684342, 48.783024], [2.683956, 48.783405], [2.68356, 48.783768], [2.683071, 48.784161], [2.682564, 48.784523], [2.682151, 48.784794], [2.681495, 48.785175], [2.680787, 48.785534], [2.6802, 48.785805], [2.679586, 48.786053], [2.678856, 48.78632], [2.650374, 48.795647], [2.650374, 48.795647], [2.627656, 48.803074], [2.617973, 48.806232], [2.617973, 48.806232], [2.608702, 48.809261], [2.607779, 48.80957], [2.607009, 48.809845], [2.606313, 48.810104], [2.605641, 48.810368], [2.604658, 48.810776], [2.603653, 48.811214], [2.602862, 48.811581], [2.601756, 48.812126], [2.579779, 48.823154], [2.579779, 48.823154], [2.572744, 48.826679], [2.572138, 48.826969], [2.571519, 48.82724], [2.57097, 48.827457], [2.5707, 48.82756], [2.570126, 48.827759], [2.569525, 48.827946], [2.568686, 48.828175], [2.568061, 48.828323], [2.56719, 48.828503], [2.566389, 48.828636], [2.56572, 48.828724], [2.564818, 48.828815], [2.564046, 48.828865], [2.563464, 48.828888], [2.56304, 48.828892], [2.562512, 48.828892], [2.562008, 48.82888], [2.56126, 48.828842], [2.560402, 48.82877], [2.559817, 48.828705], [2.559248, 48.828629], [2.558533, 48.82851], [2.557811, 48.828369], [2.557101, 48.828205], [2.556571, 48.828068], [2.556055, 48.827919], [2.555375, 48.827698], [2.554902, 48.827534], [2.546471, 48.824333], [2.545643, 48.824024], [2.544771, 48.823708], [2.543974, 48.823471], [2.543458, 48.823334], [2.542902, 48.823193], [2.542576, 48.823128], [2.542576, 48.823128], [2.541815, 48.822979], [2.541155, 48.82288], [2.540284, 48.822781], [2.539432, 48.822712], [2.538978, 48.822685], [2.53765, 48.822628], [2.536838, 48.822613], [2.535887, 48.822617], [2.534661, 48.822662], [2.533905, 48.822716], [2.530858, 48.823002], [2.523602, 48.823704], [2.511555, 48.824856], [2.508171, 48.825188], [2.507545, 48.825264], [2.506929, 48.825363], [2.506113, 48.825523], [2.505465, 48.82568], [2.504936, 48.825821], [2.504596, 48.825924], [2.504041, 48.826107], [2.503553, 48.826283], [2.503248, 48.826405], [2.502641, 48.82666], [2.501975, 48.826981], [2.501583, 48.82719], [2.501188, 48.827419], [2.500915, 48.827587], [2.500441, 48.827904], [2.499874, 48.828327], [2.499415, 48.828709], [2.498855, 48.829224], [2.498638, 48.829449], [2.498323, 48.829811], [2.498074, 48.830135], [2.497848, 48.830456], [2.495829, 48.833523], [2.495533, 48.833961], [2.495256, 48.834415], [2.495049, 48.834801], [2.494967, 48.834969], [2.49479, 48.835381], [2.494652, 48.835766], [2.494595, 48.835957], [2.494543, 48.836147], [2.494477, 48.836468], [2.494407, 48.836967], [2.494245, 48.838615], [2.494155, 48.839386], [2.494093, 48.839806], [2.494042, 48.840115], [2.493927, 48.840687], [2.493855, 48.840996], [2.493689, 48.841553], [2.493356, 48.842461], [2.492809, 48.84391], [2.492471, 48.844826], [2.492217, 48.845551], [2.49166, 48.847225], [2.491355, 48.848091], [2.485615, 48.864128], [2.485518, 48.864403], [2.485416, 48.864723], [2.485347, 48.864979], [2.485289, 48.865231], [2.485236, 48.865524], [2.485182, 48.866005], [2.48517, 48.866413], [2.485192, 48.866898], [2.485224, 48.867172], [2.485289, 48.867577], [2.485921, 48.870892], [2.485978, 48.871277], [2.486038, 48.87178], [2.486186, 48.873386], [2.486212, 48.873943], [2.486205, 48.874298], [2.486168, 48.874714], [2.48613, 48.874981], [2.486056, 48.875362], [2.486002, 48.875603], [2.485866, 48.876125], [2.485678, 48.876743], [2.485496, 48.877224], [2.485439, 48.877357], [2.485292, 48.877659], [2.485017, 48.878139], [2.484914, 48.8783], [2.484569, 48.878773], [2.484204, 48.879204], [2.479356, 48.884544], [2.479089, 48.884815], [2.478789, 48.88509], [2.478595, 48.885288], [2.472556, 48.89193], [2.47227, 48.892231], [2.471899, 48.892586], [2.471661, 48.892792], [2.47138, 48.893013], [2.471153, 48.893181], [2.470912, 48.893341], [2.470294, 48.893723], [2.469747, 48.89402], [2.469438, 48.894173], [2.469177, 48.894291], [2.46854, 48.89455], [2.466717, 48.895256], [2.466238, 48.895435], [2.465766, 48.895596], [2.465333, 48.895725], [2.464775, 48.89587], [2.464309, 48.895973], [2.463676, 48.896099], [2.462637, 48.896271], [2.461948, 48.896358], [2.461462, 48.896408], [2.460732, 48.896439], [2.457441, 48.89645], [2.455086, 48.896492], [2.452257, 48.896458], [2.451782, 48.896446], [2.450753, 48.896408], [2.449398, 48.896351], [2.447271, 48.896225], [2.446736, 48.896202], [2.446151, 48.896191], [2.442883, 48.896206], [2.442285, 48.896225], [2.441632, 48.896271], [2.440847, 48.896366], [2.440351, 48.896446], [2.439844, 48.896549], [2.439535, 48.896622], [2.439084, 48.89674], [2.438565, 48.896893], [2.436187, 48.897701], [2.435173, 48.898026], [2.434281, 48.898296], [2.433704, 48.898441], [2.432899, 48.898602], [2.43234, 48.898685], [2.431959, 48.898727], [2.431318, 48.898777], [2.43059, 48.898808], [2.429758, 48.8988], [2.416053, 48.898399], [2.414967, 48.898346], [2.413781, 48.898266], [2.413244, 48.898235], [2.412687, 48.898232], [2.412021, 48.898254], [2.409479, 48.898415], [2.408884, 48.898438], [2.40836, 48.898445], [2.407943, 48.898441], [2.406234, 48.898392], [2.405692, 48.898361], [2.405148, 48.898315], [2.403471, 48.898155], [2.400306, 48.8979], [2.399872, 48.897869], [2.399126, 48.897835], [2.398256, 48.897808], [2.397439, 48.897751], [2.395461, 48.897636], [2.395093, 48.897633], [2.394759, 48.89764], [2.39438, 48.897663], [2.394083, 48.897694], [2.393622, 48.89777], [2.392152, 48.898026], [2.391746, 48.898071], [2.391326, 48.89809], [2.390945, 48.898098], [2.388419, 48.898056], [2.387214, 48.89801], [2.386385, 48.897995], [2.384708, 48.897999], [2.384127, 48.897991], [2.383186, 48.897961], [2.381833, 48.897903], [2.379574, 48.897823], [2.378884, 48.897789], [2.378248, 48.897732], [2.377534, 48.89764], [2.376958, 48.897545], [2.376489, 48.897446], [2.376206, 48.897377], [2.374843, 48.897018], [2.374362, 48.896935], [2.374121, 48.896912], [2.373799, 48.896904], [2.37344, 48.896927], [2.373119, 48.896973], [2.371264, 48.897327], [2.370862, 48.897388], [2.37012, 48.897457], [2.368807, 48.897533], [2.368532, 48.897537], [2.368274, 48.897533], [2.366795, 48.897446], [2.366301, 48.89743], [2.365988, 48.897442], [2.363651, 48.897587], [2.363187, 48.897629], [2.362641, 48.897701], [2.362292, 48.897766], [2.361952, 48.897854], [2.361735, 48.89793], [2.361421, 48.898048], [2.360827, 48.898327], [2.360382, 48.898556], [2.359961, 48.898785], [2.35917, 48.899246], [2.358298, 48.899738], [2.357239, 48.900349], [2.357016, 48.900494], [2.356652, 48.900749], [2.356301, 48.901054], [2.355868, 48.901546], [2.355678, 48.901798], [2.355592, 48.90197], [2.355417, 48.902378], [2.355308, 48.902699], [2.355116, 48.903313], [2.355072, 48.903496], [2.355036, 48.903736], [2.355006, 48.903885], [2.354848, 48.904396], [2.354804, 48.904568], [2.354749, 48.904934], [2.354723, 48.905308], [2.354719, 48.905964], [2.354787, 48.907207], [2.354805, 48.907352], [2.35485, 48.907604], [2.354995, 48.908134], [2.355016, 48.908283], [2.355017, 48.908436], [2.355006, 48.908566], [2.354984, 48.908661], [2.354935, 48.908806], [2.354844, 48.909004], [2.354749, 48.90918], [2.354637, 48.909363], [2.354489, 48.909576], [2.35433, 48.909752], [2.354131, 48.909924], [2.353907, 48.910095], [2.353475, 48.910366], [2.353328, 48.910492], [2.352941, 48.910797], [2.352788, 48.910957], [2.352651, 48.911121], [2.352947, 48.91069], [2.353129, 48.910389], [2.353281, 48.910072], [2.353377, 48.909794], [2.353442, 48.909523], [2.353478, 48.909248], [2.353496, 48.908943], [2.353529, 48.907864], [2.353557, 48.907402], [2.353615, 48.907024], [2.353699, 48.906719], [2.353834, 48.906399], [2.354001, 48.906052], [2.354091, 48.90583], [2.354923, 48.903446], [2.354996, 48.903168], [2.355021, 48.903023], [2.355047, 48.902786], [2.355051, 48.902512], [2.355023, 48.902229], [2.354908, 48.901585], [2.354878, 48.901337], [2.354882, 48.900879], [2.35499, 48.899929], [2.355157, 48.89859], [2.355233, 48.898098], [2.355312, 48.897697], [2.355391, 48.89735], [2.35571, 48.896008], [2.355987, 48.894909], [2.356038, 48.894772], [2.356175, 48.894478], [2.356676, 48.89352], [2.356942, 48.892994], [2.357119, 48.892551], [2.357245, 48.892136], [2.357339, 48.89172], [2.357438, 48.89135], [2.357481, 48.891129], [2.357528, 48.890537], [2.357551, 48.8904], [2.357627, 48.890057], [2.357678, 48.889767], [2.357785, 48.888985], [2.357883, 48.888386], [2.357919, 48.887985], [2.358006, 48.88673], [2.358066, 48.885513], [2.358066, 48.885273], [2.358045, 48.884769], [2.358053, 48.884682], [2.358084, 48.884537], [2.358155, 48.884346], [2.358196, 48.884167], [2.358226, 48.883919], [2.358238, 48.883724], [2.358238, 48.883545], [2.358224, 48.883137], [2.358193, 48.882809], [2.358118, 48.882423], [2.358037, 48.882145], [2.357927, 48.881847], [2.357382, 48.880661], [2.357287, 48.880489], [2.357152, 48.880276], [2.356929, 48.880005], [2.356827, 48.879898], [2.355374, 48.878601], [2.355082, 48.878361], [2.354722, 48.878094], [2.353615, 48.877411], [2.351202, 48.876026], [2.350754, 48.875736], [2.350455, 48.8755], [2.350113, 48.875183], [2.349828, 48.874855], [2.346189, 48.869671], [2.345965, 48.869286], [2.345798, 48.868942], [2.345666, 48.868618], [2.345553, 48.868244], [2.34546, 48.86787], [2.345434, 48.867733], [2.3454, 48.867409], [2.345376, 48.866932], [2.345413, 48.86647], [2.345491, 48.865997], [2.34559, 48.865646], [2.34614, 48.864204], [2.346385, 48.863583], [2.346692, 48.862854], [2.347847, 48.860168], [2.348466, 48.859066], [2.34889, 48.858356], [2.349169, 48.857967], [2.349801, 48.857342], [2.350391, 48.856976], [2.351186, 48.856609], [2.354004, 48.855705], [2.355748, 48.855167], [2.358299, 48.854305], [2.35927, 48.853962], [2.360114, 48.853607], [2.360922, 48.853153], [2.361573, 48.852753], [2.362219, 48.852337], [2.363648, 48.851303], [2.365184, 48.850151], [2.366462, 48.849056], [2.367736, 48.848156], [2.369654, 48.8466], [2.370319, 48.846088], [2.372514, 48.844749], [2.373344, 48.844288], [2.373798, 48.844051], [2.374487, 48.843662], [2.375319, 48.843178], [2.375721, 48.842979], [2.376275, 48.842777], [2.376832, 48.84264], [2.377191, 48.842564], [2.377523, 48.84251], [2.377917, 48.842464], [2.37831, 48.842453], [2.378736, 48.842487], [2.379137, 48.842567], [2.37965, 48.84272], [2.380156, 48.842926], [2.380733, 48.843224], [2.38125, 48.843525], [2.3816, 48.84375], [2.381946, 48.844025], [2.382232, 48.844288], [2.382512, 48.844574], [2.382745, 48.84486], [2.383754, 48.846416], [2.384015, 48.846859], [2.384637, 48.847549], [2.385076, 48.847916], [2.385575, 48.848206], [2.386033, 48.848442], [2.386592, 48.848675], [2.387183, 48.848881], [2.387743, 48.84903], [2.388321, 48.849144], [2.388893, 48.849205], [2.38946, 48.849232], [2.390069, 48.849228], [2.390622, 48.849197], [2.391175, 48.849144], [2.392006, 48.849026], [2.394195, 48.848637], [2.39779, 48.847878], [2.398168, 48.84779], [2.398466, 48.847694], [2.398733, 48.847603], [2.398951, 48.847492], [2.401488, 48.845684], [2.402179, 48.845329], [2.402539, 48.845169], [2.403217, 48.844936], [2.403682, 48.844826], [2.404795, 48.844643], [2.405727, 48.844555], [2.407515, 48.844463], [2.410239, 48.844299], [2.412615, 48.844067], [2.414843, 48.843826], [2.416107, 48.843704], [2.41677, 48.843681], [2.417275, 48.843678], [2.417569, 48.843681], [2.417777, 48.843697], [2.418197, 48.843739], [2.418587, 48.843807], [2.419738, 48.844143], [2.420222, 48.844315], [2.420732, 48.844536], [2.422237, 48.845249], [2.422604, 48.845436], [2.423943, 48.846073], [2.424426, 48.846287], [2.424677, 48.846386], [2.42538, 48.846645], [2.42592, 48.846813], [2.426435, 48.846951], [2.426951, 48.847073], [2.4275, 48.847176], [2.427912, 48.847244], [2.42848, 48.847317], [2.429011, 48.847366], [2.429305, 48.847385], [2.430326, 48.847424], [2.430645, 48.84742], [2.43416, 48.847313], [2.436438, 48.847206], [2.440093, 48.847076], [2.440797, 48.847061], [2.442436, 48.847046], [2.444146, 48.846989], [2.44482, 48.846954], [2.447762, 48.846775], [2.448393, 48.846722], [2.448912, 48.846661], [2.449224, 48.846619], [2.449795, 48.846523], [2.450859, 48.846321], [2.451529, 48.846218], [2.453173, 48.845978], [2.455477, 48.84557], [2.456942, 48.845287], [2.46137, 48.844467], [2.462181, 48.844284], [2.463501, 48.844021], [2.464585, 48.84383], [2.465231, 48.843739], [2.465965, 48.84362], [2.466408, 48.843594], [2.466818, 48.843582], [2.467162, 48.843601], [2.467543, 48.843639], [2.46832, 48.843754], [2.468832, 48.843864], [2.469185, 48.843956], [2.46954, 48.844082], [2.469894, 48.84425], [2.470296, 48.844463], [2.470805, 48.844746], [2.471761, 48.845245], [2.472346, 48.845524], [2.47297, 48.845837], [2.476552, 48.847565], [2.47935, 48.848881], [2.481424, 48.849937], [2.483821, 48.851276], [2.486702, 48.852966], [2.488101, 48.853775], [2.490667, 48.855297], [2.49133, 48.855682], [2.491548, 48.855801], [2.492086, 48.856083], [2.492517, 48.856281], [2.492763, 48.856388], [2.493313, 48.856602], [2.493862, 48.856789], [2.494196, 48.856888], [2.49479, 48.857044], [2.495064, 48.857109], [2.495726, 48.857246], [2.49634, 48.857342], [2.49669, 48.857388], [2.497366, 48.857452], [2.497955, 48.857483], [2.498544, 48.857498], [2.499104, 48.857491], [2.499372, 48.857479], [2.50001, 48.857437], [2.500597, 48.85738], [2.508277, 48.856346], [2.509205, 48.856205], [2.509736, 48.856083], [2.510265, 48.855942], [2.510749, 48.855778], [2.511068, 48.855644], [2.511356, 48.855515], [2.511554, 48.855415], [2.512023, 48.855152], [2.512223, 48.855026], [2.512451, 48.85487], [2.512633, 48.854733], [2.512779, 48.85461], [2.513078, 48.85434], [2.513235, 48.854179], [2.514719, 48.852417], [2.51516, 48.851913], [2.515514, 48.851582], [2.515874, 48.851257], [2.516167, 48.851009], [2.51641, 48.850819], [2.517006, 48.850395], [2.517615, 48.850014], [2.51805, 48.84977], [2.51936, 48.849102], [2.520095, 48.848747], [2.522625, 48.847477], [2.52307, 48.847229], [2.52359, 48.84692], [2.523961, 48.846664], [2.524238, 48.846451], [2.524617, 48.84613], [2.525701, 48.845119], [2.525953, 48.844898], [2.52696, 48.84396], [2.527516, 48.843422], [2.528297, 48.842697], [2.528476, 48.842525], [2.528764, 48.842297], [2.528988, 48.842136], [2.52942, 48.841869], [2.52989, 48.841618], [2.530267, 48.84145], [2.530674, 48.84129], [2.53089, 48.841217], [2.531421, 48.841057], [2.531694, 48.840988], [2.531942, 48.840935], [2.532436, 48.840843], [2.532685, 48.840805], [2.533375, 48.840733], [2.533812, 48.840714], [2.534378, 48.840702], [2.534787, 48.840706], [2.538504, 48.84074], [2.54, 48.840782], [2.538897, 48.84071], [2.534786, 48.840668], [2.534382, 48.840668], [2.533804, 48.840679], [2.533357, 48.840702], [2.532926, 48.84074], [2.532428, 48.840816], [2.532167, 48.840858], [2.531924, 48.840904], [2.531678, 48.840961], [2.531136, 48.841103], [2.530857, 48.84119], [2.530652, 48.841263], [2.530433, 48.841343], [2.530027, 48.841515], [2.529587, 48.841732], [2.529373, 48.84185], [2.529176, 48.841969], [2.528941, 48.842121], [2.528575, 48.842381], [2.528412, 48.842525], [2.528264, 48.842674], [2.527473, 48.843407], [2.526934, 48.843925], [2.526479, 48.844341], [2.526187, 48.84462], [2.526187, 48.84462], [2.52591, 48.844879], [2.525657, 48.845104], [2.524697, 48.846004], [2.524376, 48.846287], [2.524196, 48.846436], [2.523924, 48.846642], [2.523542, 48.846905], [2.523041, 48.847198], [2.522565, 48.84745], [2.520966, 48.84827], [2.518026, 48.849751], [2.517279, 48.850182], [2.516966, 48.85038], [2.516606, 48.850636], [2.516357, 48.8508], [2.516132, 48.850975], [2.51564, 48.851406], [2.51546, 48.851566], [2.515117, 48.851898], [2.514676, 48.852402], [2.513809, 48.853432], [2.513187, 48.854153], [2.512892, 48.854443], [2.512592, 48.854702], [2.512401, 48.854851], [2.512194, 48.855], [2.51178, 48.855247], [2.51131, 48.855488], [2.511037, 48.85561], [2.510501, 48.855816], [2.510228, 48.855907], [2.509718, 48.856049], [2.509185, 48.856167], [2.508271, 48.856316], [2.500562, 48.857349], [2.499954, 48.85741], [2.499346, 48.857449], [2.498762, 48.857464], [2.498458, 48.857464], [2.497874, 48.857449], [2.497561, 48.85743], [2.497003, 48.857384], [2.496696, 48.857353], [2.495992, 48.857258], [2.495697, 48.857204], [2.495069, 48.857079], [2.494758, 48.857002], [2.494137, 48.856831], [2.493544, 48.856644], [2.493011, 48.856445], [2.492724, 48.856323], [2.4923, 48.856136], [2.491786, 48.855881], [2.491326, 48.855621], [2.489859, 48.854763], [2.489543, 48.854565], [2.486793, 48.852947], [2.48194, 48.850121], [2.479425, 48.848843], [2.477999, 48.848183], [2.476618, 48.847507], [2.473616, 48.846092], [2.471813, 48.845203], [2.47134, 48.844963], [2.470862, 48.844707], [2.470365, 48.844425], [2.469948, 48.844208], [2.469581, 48.84404], [2.469222, 48.843906], [2.468867, 48.843819], [2.468343, 48.843708], [2.467563, 48.843586], [2.467185, 48.843544], [2.466808, 48.843521], [2.466407, 48.843525], [2.46594, 48.843563], [2.46469, 48.843754], [2.463152, 48.844021], [2.462631, 48.844128], [2.461171, 48.844463], [2.456953, 48.845253], [2.455831, 48.84547], [2.454983, 48.845619], [2.454158, 48.845741], [2.453154, 48.845905], [2.451927, 48.846127], [2.451514, 48.846195], [2.450848, 48.846287], [2.450525, 48.846317], [2.448207, 48.846581], [2.447589, 48.846642], [2.44691, 48.846691], [2.444696, 48.846821], [2.442403, 48.846916], [2.440686, 48.847023], [2.434161, 48.847275], [2.430342, 48.847385], [2.42966, 48.84737], [2.429026, 48.847332], [2.428492, 48.847282], [2.428191, 48.847244], [2.427238, 48.847092], [2.426626, 48.846962], [2.426054, 48.846813], [2.425477, 48.846638], [2.424742, 48.846375], [2.424252, 48.846172], [2.423994, 48.846054], [2.421912, 48.845051], [2.420758, 48.844505], [2.420247, 48.844284], [2.419769, 48.844109], [2.418792, 48.843822], [2.418547, 48.843761], [2.418295, 48.843716], [2.417919, 48.84367], [2.417678, 48.843651], [2.417469, 48.843647], [2.416764, 48.843647], [2.416107, 48.843662], [2.414521, 48.8438], [2.412596, 48.844017], [2.410232, 48.844261], [2.40751, 48.844429], [2.405706, 48.844517], [2.404778, 48.844604], [2.403969, 48.844704], [2.403176, 48.844845], [2.402393, 48.845089], [2.401828, 48.845341], [2.401375, 48.845596], [2.398861, 48.847424], [2.398665, 48.847534], [2.398421, 48.847649], [2.398088, 48.847767], [2.397531, 48.8479], [2.394453, 48.848553], [2.394177, 48.848606], [2.391972, 48.848988], [2.391594, 48.849041], [2.391177, 48.849075], [2.390591, 48.849098], [2.38998, 48.849094], [2.389207, 48.849052], [2.388623, 48.849003], [2.388232, 48.848942], [2.387826, 48.848839], [2.387127, 48.848606], [2.386537, 48.848358], [2.386061, 48.848103], [2.385655, 48.84782], [2.385319, 48.847572], [2.385018, 48.847279], [2.384614, 48.846775], [2.383019, 48.844505], [2.382807, 48.844234], [2.382517, 48.843929], [2.382204, 48.843636], [2.381742, 48.8433], [2.381153, 48.842937], [2.380592, 48.842579], [2.380364, 48.842445], [2.380034, 48.842293], [2.379706, 48.842175], [2.379325, 48.842083], [2.378945, 48.842022], [2.378615, 48.841991], [2.378275, 48.841991], [2.37741, 48.842102], [2.376956, 48.842201], [2.376465, 48.842342], [2.375987, 48.842499], [2.375544, 48.842686], [2.375057, 48.842934], [2.374174, 48.843407], [2.372825, 48.844162], [2.372488, 48.844364], [2.372124, 48.844604], [2.370878, 48.845524], [2.363133, 48.85144], [2.361814, 48.852264], [2.360649, 48.852879], [2.359332, 48.853485], [2.358171, 48.853954], [2.350975, 48.856445], [2.349805, 48.857014], [2.34873, 48.857704], [2.347946, 48.858494], [2.347355, 48.859455], [2.347056, 48.860435], [2.346129, 48.862598], [2.345945, 48.863277], [2.345793, 48.86377], [2.345371, 48.865368], [2.345122, 48.865986], [2.344713, 48.866619], [2.344295, 48.867008], [2.343833, 48.867348], [2.343306, 48.867653], [2.342514, 48.868027], [2.341272, 48.868462], [2.339204, 48.86903], [2.334676, 48.870018], [2.33347, 48.87035], [2.332595, 48.870689], [2.331884, 48.87104], [2.331136, 48.871452], [2.33263, 48.870724], [2.33349, 48.870388], [2.334692, 48.870052], [2.339231, 48.86908], [2.341296, 48.868515], [2.342575, 48.868065], [2.343372, 48.867695], [2.343899, 48.867397], [2.34437, 48.867043], [2.344799, 48.866646], [2.345293, 48.866001], [2.345767, 48.865246], [2.346047, 48.86475], [2.34634, 48.864353], [2.346706, 48.863605], [2.346812, 48.862717], [2.347821, 48.860363], [2.348031, 48.859982], [2.348525, 48.85928], [2.348992, 48.858646], [2.349185, 48.858345], [2.349321, 48.858032], [2.349399, 48.857712], [2.349418, 48.857388], [2.349377, 48.857063], [2.349277, 48.856743], [2.349119, 48.856434], [2.349019, 48.856285], [2.347821, 48.854626], [2.347691, 48.854458], [2.347547, 48.854294], [2.34739, 48.854137], [2.347221, 48.853985], [2.34704, 48.85384], [2.346848, 48.853699], [2.346645, 48.853569], [2.343911, 48.851898], [2.343569, 48.851662], [2.343272, 48.851402], [2.343025, 48.85112], [2.342831, 48.850822], [2.342308, 48.849735], [2.340606, 48.846943], [2.340382, 48.846485], [2.339282, 48.844448], [2.338511, 48.843113], [2.338002, 48.842201], [2.337558, 48.841309], [2.337468, 48.841228], [2.337952, 48.842209], [2.339237, 48.844456], [2.340333, 48.846497], [2.340566, 48.846954], [2.342259, 48.849747], [2.342938, 48.851135], [2.343132, 48.851437], [2.343379, 48.851719], [2.343676, 48.851978], [2.344018, 48.852211], [2.346454, 48.853699], [2.346657, 48.853832], [2.346849, 48.853973], [2.34703, 48.854118], [2.347199, 48.854271], [2.347356, 48.854427], [2.347499, 48.854591], [2.34763, 48.854755], [2.347747, 48.854927], [2.34794, 48.855282], [2.348341, 48.856155], [2.34844, 48.856476], [2.34848, 48.8568], [2.34846, 48.857124], [2.348381, 48.857445], [2.347797, 48.859177], [2.347432, 48.860229], [2.346453, 48.862511], [2.34622, 48.863075], [2.345928, 48.863991], [2.345791, 48.864326], [2.345611, 48.865032], [2.345424, 48.865997], [2.345354, 48.866467], [2.345316, 48.866928], [2.34534, 48.867405], [2.345384, 48.867733], [2.34549, 48.868252], [2.345605, 48.868637], [2.345732, 48.868961], [2.3459, 48.869308], [2.346119, 48.869686], [2.349779, 48.87487], [2.350053, 48.875206], [2.350375, 48.875519], [2.350719, 48.875778], [2.351152, 48.876053], [2.35358, 48.877434], [2.354201, 48.877846], [2.354758, 48.878311], [2.356179, 48.879681], [2.35653, 48.879993], [2.356734, 48.880215], [2.356979, 48.88055], [2.357055, 48.880676], [2.357161, 48.880882], [2.357404, 48.881405], [2.357659, 48.881977], [2.357756, 48.882244], [2.357827, 48.882492], [2.357882, 48.882751], [2.357908, 48.882938], [2.357925, 48.883121], [2.357941, 48.883568], [2.357942, 48.885208], [2.357929, 48.886402], [2.357854, 48.887524], [2.357781, 48.88834], [2.357557, 48.889816], [2.357486, 48.890144], [2.357395, 48.890472], [2.357292, 48.890755], [2.357122, 48.891155], [2.35563, 48.894276], [2.355417, 48.894806], [2.354898, 48.896339], [2.35472, 48.896965], [2.354626, 48.897404], [2.354602, 48.897556], [2.354564, 48.897942], [2.354511, 48.899231], [2.354477, 48.899654], [2.35445, 48.899857], [2.354402, 48.90012], [2.354136, 48.901302], [2.353956, 48.901924], [2.353571, 48.903095], [2.353424, 48.903629], [2.353362, 48.903934], [2.353057, 48.905991], [2.352908, 48.907253], [2.352865, 48.907524], [2.352775, 48.907967], [2.352631, 48.908501], [2.352266, 48.909637], [2.352213, 48.909859], [2.35217, 48.910118], [2.352142, 48.910454], [2.352153, 48.910778], [2.352193, 48.911053], [2.352249, 48.911293], [2.352292, 48.911427], [2.35239, 48.911667], [2.352496, 48.911892], [2.35265, 48.912144], [2.352837, 48.912399], [2.353103, 48.912704], [2.353205, 48.912807], [2.353401, 48.912991], [2.353728, 48.913246], [2.354033, 48.913456], [2.35421, 48.913567], [2.354978, 48.914017], [2.356345, 48.914764], [2.356084, 48.914639], [2.35585, 48.914536], [2.355375, 48.914337], [2.355027, 48.914204], [2.354465, 48.914013], [2.353711, 48.913784], [2.35338, 48.913673], [2.353189, 48.913586], [2.352926, 48.913437], [2.352784, 48.913338], [2.352598, 48.913174], [2.352526, 48.913097], [2.352422, 48.912971], [2.352331, 48.91283], [2.352279, 48.912727], [2.352217, 48.912556], [2.35217, 48.9123], [2.352161, 48.91217], [2.352169, 48.912064], [2.352202, 48.9119], [2.352241, 48.911793], [2.352318, 48.911633], [2.352451, 48.911415], [2.352651, 48.911121], [2.352788, 48.910957], [2.352941, 48.910797], [2.353328, 48.910492], [2.353475, 48.910366], [2.353907, 48.910095], [2.354131, 48.909924], [2.35433, 48.909752], [2.354489, 48.909576], [2.354637, 48.909363], [2.354749, 48.90918], [2.354844, 48.909004], [2.354935, 48.908806], [2.354984, 48.908661], [2.355006, 48.908566], [2.355017, 48.908436], [2.355016, 48.908283], [2.354995, 48.908134], [2.35485, 48.907604], [2.354805, 48.907352], [2.354787, 48.907207], [2.354719, 48.905964], [2.354723, 48.905308], [2.354749, 48.904934], [2.354804, 48.904568], [2.354848, 48.904396], [2.355006, 48.903885], [2.355036, 48.903736], [2.355072, 48.903496], [2.355116, 48.903313], [2.355308, 48.902699], [2.355417, 48.902378], [2.355592, 48.90197], [2.355678, 48.901798], [2.355868, 48.901546], [2.356301, 48.901054], [2.356652, 48.900749], [2.357016, 48.900494], [2.357239, 48.900349], [2.358298, 48.899738], [2.35917, 48.899246], [2.359961, 48.898785], [2.360382, 48.898556], [2.360827, 48.898327], [2.361421, 48.898048], [2.361735, 48.89793], [2.361952, 48.897854], [2.362292, 48.897766], [2.362641, 48.897701], [2.363187, 48.897629], [2.363651, 48.897587], [2.365988, 48.897442], [2.366301, 48.89743], [2.366795, 48.897446], [2.368274, 48.897533], [2.368532, 48.897537], [2.368807, 48.897533], [2.37012, 48.897457], [2.370862, 48.897388], [2.371264, 48.897327], [2.373119, 48.896973], [2.37344, 48.896927], [2.373799, 48.896904], [2.374121, 48.896912], [2.374362, 48.896935], [2.374843, 48.897018], [2.376206, 48.897377], [2.376489, 48.897446], [2.376958, 48.897545], [2.377534, 48.89764], [2.378248, 48.897732], [2.378884, 48.897789], [2.379574, 48.897823], [2.381833, 48.897903], [2.383186, 48.897961], [2.384127, 48.897991], [2.384708, 48.897999], [2.386385, 48.897995], [2.387214, 48.89801], [2.388419, 48.898056], [2.390945, 48.898098], [2.391326, 48.89809], [2.391746, 48.898071], [2.392152, 48.898026], [2.393622, 48.89777], [2.394083, 48.897694], [2.39438, 48.897663], [2.394759, 48.89764], [2.395093, 48.897633], [2.395461, 48.897636], [2.397439, 48.897751], [2.398256, 48.897808], [2.39852, 48.897816], [2.39852, 48.897816], [2.398256, 48.897808], [2.397439, 48.897751], [2.395461, 48.897636], [2.395093, 48.897633], [2.394759, 48.89764], [2.39438, 48.897663], [2.394083, 48.897694], [2.393622, 48.89777], [2.392152, 48.898026], [2.391746, 48.898071], [2.391326, 48.89809], [2.390945, 48.898098], [2.388419, 48.898056], [2.387214, 48.89801], [2.386385, 48.897995], [2.384708, 48.897999], [2.384127, 48.897991], [2.383186, 48.897961], [2.381833, 48.897903], [2.379574, 48.897823], [2.378884, 48.897789], [2.378248, 48.897732], [2.377534, 48.89764], [2.376958, 48.897545], [2.376489, 48.897446], [2.376206, 48.897377], [2.374363, 48.896889], [2.37378, 48.896717], [2.373164, 48.896507], [2.372651, 48.896305], [2.372142, 48.896072], [2.371697, 48.895844], [2.370427, 48.895161], [2.370188, 48.89502], [2.370004, 48.894894], [2.369442, 48.89447], [2.368858, 48.893974], [2.368702, 48.893829], [2.368325, 48.893459], [2.368218, 48.893333], [2.368135, 48.893215], [2.368063, 48.893093], [2.368002, 48.892971], [2.367953, 48.892845], [2.367915, 48.892719], [2.367889, 48.89259], [2.367875, 48.89246], [2.367826, 48.892227], [2.367787, 48.892101], [2.36772, 48.891941], [2.367571, 48.891678], [2.36566, 48.888462], [2.365483, 48.888176], [2.365365, 48.888004], [2.365207, 48.887791], [2.364819, 48.887329], [2.364541, 48.886978], [2.364325, 48.886692], [2.364144, 48.886417], [2.363846, 48.885921], [2.363704, 48.885662], [2.363416, 48.885021], [2.363298, 48.884781], [2.363062, 48.884373], [2.362824, 48.884064], [2.362559, 48.883621], [2.361837, 48.882454], [2.361455, 48.881813], [2.361322, 48.881443], [2.361274, 48.881187], [2.361194, 48.880985], [2.361156, 48.88084], [2.360981, 48.879883], [2.360919, 48.879654], [2.360842, 48.879452], [2.360775, 48.879311], [2.360697, 48.879166], [2.360333, 48.878555]]}, "properties": {"id": "transilien-p", "branchId": "transilien-p::1", "termini": "Coulommiers - Gare de l'Est", "source": "Ile-de-France Mobilites GTFS (data.iledefrance-mobilites.fr), Mobility License"}}, {"type": "Feature", "geometry": {"type": "LineString", "coordinates": [[2.360333, 48.878555], [2.360697, 48.879166], [2.360775, 48.879311], [2.360842, 48.879452], [2.360919, 48.879654], [2.360981, 48.879883], [2.361187, 48.881027], [2.361228, 48.881203], [2.361652, 48.882336], [2.36201, 48.882931], [2.362726, 48.884262], [2.363297, 48.885284], [2.367291, 48.892006], [2.367555, 48.892395], [2.367673, 48.892555], [2.367953, 48.892895], [2.368452, 48.893429], [2.368696, 48.893665], [2.368991, 48.89394], [2.369376, 48.894272], [2.369558, 48.894417], [2.369952, 48.894718], [2.370295, 48.894951], [2.370785, 48.895256], [2.371337, 48.895565], [2.372217, 48.89603], [2.372743, 48.896263], [2.373211, 48.89645], [2.373806, 48.896648], [2.374434, 48.896835], [2.37587, 48.897224], [2.376518, 48.897381], [2.376987, 48.897476], [2.377553, 48.897575], [2.377877, 48.897625], [2.378603, 48.897701], [2.3794, 48.897751], [2.383684, 48.897911], [2.384766, 48.897934], [2.391379, 48.897903], [2.397111, 48.898014], [2.398445, 48.898064], [2.399258, 48.898117], [2.401905, 48.898331], [2.401905, 48.898331], [2.404462, 48.898514], [2.405744, 48.89859], [2.409208, 48.898701], [2.411058, 48.898731], [2.417902, 48.898815], [2.41884, 48.898815], [2.420713, 48.898792], [2.421722, 48.898788], [2.422084, 48.898796], [2.429651, 48.899017], [2.430345, 48.899025], [2.431037, 48.89901], [2.431805, 48.898949], [2.432271, 48.898895], [2.43255, 48.898853], [2.433122, 48.898758], [2.433942, 48.898571], [2.434191, 48.898506], [2.434663, 48.898365], [2.437421, 48.897503], [2.438024, 48.897301], [2.438587, 48.897102], [2.439217, 48.896904], [2.439798, 48.896748], [2.440327, 48.896629], [2.440913, 48.896534], [2.441344, 48.896477], [2.442038, 48.896416], [2.442818, 48.896385], [2.444875, 48.896358], [2.445996, 48.896355], [2.446462, 48.896358], [2.447282, 48.896389], [2.449363, 48.896511], [2.450062, 48.896545], [2.453145, 48.89666], [2.456731, 48.896786], [2.457488, 48.896801], [2.458674, 48.896797], [2.458674, 48.896797], [2.459566, 48.896793], [2.460191, 48.896778], [2.460697, 48.896748], [2.461068, 48.896717], [2.461593, 48.896664], [2.463822, 48.896381], [2.471387, 48.895237], [2.475794, 48.894608], [2.478307, 48.894215], [2.479405, 48.894054], [2.479405, 48.894054], [2.481827, 48.8937], [2.505667, 48.890404], [2.507724, 48.890125], [2.508867, 48.889954], [2.509439, 48.889854], [2.510256, 48.889702], [2.511026, 48.889538], [2.511652, 48.889381], [2.512024, 48.889271], [2.512434, 48.889141], [2.513173, 48.888866], [2.513962, 48.888542], [2.513962, 48.888542], [2.516946, 48.88731], [2.521433, 48.885399], [2.525428, 48.883755], [2.525428, 48.883755], [2.531862, 48.881104], [2.533066, 48.880611], [2.534203, 48.880192], [2.535116, 48.879887], [2.536342, 48.87952], [2.537287, 48.879269], [2.537655, 48.879173], [2.538604, 48.878952], [2.53956, 48.878746], [2.540701, 48.878525], [2.541752, 48.878349], [2.543014, 48.878166], [2.544274, 48.878017], [2.548082, 48.877659], [2.553149, 48.87714], [2.553149, 48.87714], [2.558289, 48.876633], [2.573972, 48.875042], [2.576511, 48.874802], [2.579938, 48.874535], [2.583264, 48.874222], [2.583264, 48.874222], [2.586242, 48.873932], [2.587895, 48.873783], [2.589367, 48.873665], [2.590716, 48.873573], [2.592108, 48.873497], [2.593703, 48.873447], [2.5951, 48.873444], [2.596115, 48.873451], [2.598164, 48.873501], [2.599356, 48.873547], [2.617377, 48.874386], [2.624721, 48.874722], [2.633608, 48.875061], [2.638871, 48.875305], [2.638871, 48.875305], [2.641245, 48.875416], [2.64295, 48.875523], [2.644043, 48.87561], [2.653162, 48.876472], [2.654154, 48.876534], [2.655228, 48.87656], [2.656108, 48.87656], [2.656843, 48.876537], [2.659967, 48.876415], [2.660913, 48.876389], [2.661699, 48.876396], [2.662656, 48.876427], [2.666567, 48.876606], [2.667438, 48.876652], [2.668464, 48.876724], [2.669678, 48.876842], [2.670439, 48.876942], [2.671195, 48.877048], [2.672408, 48.877254], [2.673117, 48.877392], [2.673815, 48.877541], [2.684476, 48.880039], [2.685462, 48.880241], [2.687137, 48.88055], [2.688857, 48.880848], [2.689701, 48.880985], [2.691342, 48.881214], [2.692024, 48.881294], [2.693357, 48.881428], [2.694851, 48.881554], [2.696861, 48.881683], [2.70167, 48.881977], [2.703861, 48.882153], [2.705949, 48.882294], [2.705949, 48.882294], [2.70788, 48.882423], [2.708564, 48.882458], [2.710026, 48.882477], [2.710329, 48.882492], [2.744118, 48.884697], [2.74525, 48.884777], [2.746004, 48.88485], [2.746407, 48.884895], [2.747169, 48.885014], [2.747663, 48.885105], [2.748121, 48.885201], [2.748829, 48.885376], [2.749354, 48.885529], [2.749984, 48.885727], [2.750594, 48.885948], [2.750987, 48.886105], [2.751583, 48.886368], [2.751918, 48.886528], [2.75237, 48.886765], [2.752884, 48.887058], [2.753127, 48.887207], [2.753371, 48.88736], [2.753837, 48.887684], [2.754275, 48.88802], [2.754683, 48.888363], [2.755076, 48.888725], [2.755404, 48.889076], [2.755732, 48.889454], [2.755894, 48.889656], [2.756179, 48.890057], [2.75644, 48.890469], [2.756669, 48.890884], [2.756866, 48.891312], [2.756953, 48.891521], [2.757484, 48.892914], [2.757794, 48.893688], [2.757997, 48.894131], [2.758223, 48.894554], [2.758479, 48.894966], [2.758753, 48.895351], [2.759066, 48.895733], [2.759365, 48.896069], [2.759567, 48.896278], [2.759789, 48.896488], [2.760205, 48.896858], [2.760639, 48.897202], [2.761116, 48.897541], [2.761332, 48.897686], [2.76184, 48.897995], [2.762349, 48.898277], [2.762834, 48.898518], [2.763177, 48.898682], [2.763484, 48.898815], [2.764254, 48.899117], [2.764525, 48.899216], [2.765353, 48.899487], [2.765889, 48.899651], [2.766459, 48.899815], [2.767618, 48.900131], [2.768498, 48.900345], [2.769775, 48.900639], [2.770556, 48.900799], [2.772279, 48.901112], [2.773062, 48.901245], [2.774427, 48.901443], [2.775638, 48.901577], [2.776012, 48.901604], [2.776733, 48.901642], [2.777191, 48.901657], [2.777674, 48.901661], [2.778484, 48.901646], [2.779154, 48.901615], [2.780094, 48.901539], [2.780872, 48.901451], [2.781486, 48.90136], [2.782142, 48.901249], [2.790205, 48.899822], [2.79115, 48.899689], [2.791974, 48.899612], [2.792497, 48.899578], [2.793391, 48.899555], [2.794314, 48.899567], [2.795183, 48.899624], [2.795534, 48.899654], [2.796127, 48.899719], [2.796863, 48.89983], [2.797663, 48.899982], [2.798632, 48.900204], [2.810644, 48.903194], [2.810644, 48.903194], [2.826121, 48.907036], [2.826621, 48.907169], [2.827433, 48.907398], [2.828193, 48.907635], [2.828896, 48.907871], [2.831568, 48.908825], [2.833395, 48.909466], [2.834097, 48.909725], [2.83498, 48.910065], [2.835819, 48.910416], [2.836779, 48.910851], [2.83742, 48.911163], [2.838045, 48.911491], [2.838652, 48.911831], [2.839248, 48.912182], [2.839954, 48.912628], [2.840564, 48.91304], [2.841205, 48.913502], [2.841463, 48.913692], [2.84198, 48.914104], [2.842479, 48.91452], [2.84295, 48.914944], [2.843394, 48.915367], [2.843794, 48.915771], [2.844264, 48.916286], [2.84457, 48.916641], [2.844866, 48.917004], [2.845117, 48.917328], [2.85606, 48.932156], [2.856572, 48.932842], [2.856889, 48.933243], [2.857239, 48.933643], [2.857421, 48.933834], [2.857783, 48.934181], [2.858187, 48.934536], [2.858918, 48.935139], [2.867716, 48.942234], [2.868077, 48.942543], [2.868443, 48.942863], [2.868831, 48.943245], [2.869178, 48.94363], [2.869355, 48.94384], [2.869619, 48.944183], [2.869869, 48.944557], [2.870024, 48.944817], [2.870221, 48.945183], [2.87032, 48.945381], [2.870526, 48.945873], [2.870701, 48.946369], [2.870843, 48.946896], [2.871712, 48.950317], [2.872671, 48.954182], [2.872739, 48.954468], [2.872945, 48.955479], [2.873148, 48.956573], [2.873229, 48.956936], [2.873338, 48.957371], [2.873338, 48.957371], [2.873459, 48.957775], [2.873638, 48.958302], [2.874009, 48.959236], [2.874104, 48.959442], [2.874332, 48.959866], [2.874536, 48.96019], [2.874773, 48.960522], [2.875004, 48.960812], [2.875297, 48.961136], [2.8756, 48.961437], [2.875927, 48.961727], [2.876251, 48.961994], [2.87676, 48.962364], [2.87725, 48.962681], [2.877612, 48.962891], [2.877991, 48.963093], [2.878351, 48.963272], [2.878635, 48.963398], [2.878971, 48.963539], [2.879247, 48.96365], [2.879702, 48.963806], [2.88019, 48.963955], [2.880487, 48.964035], [2.880731, 48.964096], [2.881511, 48.96426], [2.882056, 48.964348], [2.882515, 48.964401], [2.882957, 48.964443], [2.88326, 48.964462], [2.883753, 48.964478], [2.884341, 48.964474], [2.885281, 48.964428], [2.886341, 48.964336], [2.928638, 48.960331], [2.930112, 48.960194], [2.931022, 48.960125], [2.931858, 48.960079], [2.932643, 48.960052], [2.933438, 48.960037], [2.934083, 48.960037], [2.949635, 48.960239], [2.949635, 48.960239], [2.952674, 48.960281], [2.953383, 48.960312], [2.954022, 48.960358], [2.95453, 48.960407], [2.955029, 48.960468], [2.9559, 48.960609], [2.956545, 48.960743], [2.95715, 48.960888], [2.957902, 48.961102], [2.95857, 48.961319], [2.958881, 48.961433], [2.959433, 48.961651], [2.960072, 48.961937], [2.960368, 48.962074], [2.960631, 48.962208], [2.960965, 48.962387], [2.961462, 48.962673], [2.96182, 48.962894], [2.962006, 48.963024], [2.962257, 48.9632], [2.962706, 48.963543], [2.962975, 48.963768], [2.963308, 48.964073], [2.963871, 48.964626], [2.96537, 48.966141], [2.970145, 48.970982], [2.971721, 48.972565], [2.973589, 48.974461], [2.973929, 48.974777], [2.974162, 48.974987], [2.974563, 48.975315], [2.974971, 48.975616], [2.97543, 48.975925], [2.975933, 48.976231], [2.976243, 48.97641], [2.976541, 48.976566], [2.97706, 48.976822], [2.977602, 48.977062], [2.978163, 48.97728], [2.97878, 48.977501], [2.979353, 48.977684], [2.980052, 48.977875], [2.980717, 48.978035], [2.98124, 48.978142], [2.982003, 48.978268], [2.982569, 48.97834], [2.982915, 48.978378], [2.983529, 48.978432], [2.984365, 48.978474], [2.984998, 48.978481], [2.985801, 48.97847], [2.986514, 48.978432], [2.987312, 48.978359], [2.98799, 48.978268], [2.988526, 48.978176], [2.989261, 48.978027], [2.989643, 48.97794], [3.000847, 48.975098], [3.003233, 48.97448], [3.003842, 48.9743], [3.004108, 48.974216], [3.004735, 48.973991], [3.005159, 48.973831], [3.005773, 48.97356], [3.006301, 48.973305], [3.006793, 48.973042], [3.007397, 48.972683], [3.007862, 48.972374], [3.008218, 48.972118], [3.008462, 48.971931], [3.008682, 48.971752], [3.009076, 48.971405], [3.009494, 48.970997], [3.009841, 48.970612], [3.010139, 48.970245], [3.010298, 48.970028], [3.010564, 48.969635], [3.010726, 48.96936], [3.010927, 48.968987], [3.011157, 48.968491], [3.012113, 48.96616], [3.012282, 48.965767], [3.012424, 48.96545], [3.012581, 48.965141], [3.012727, 48.964886], [3.012847, 48.964691], [3.012977, 48.964489], [3.013286, 48.964062], [3.013592, 48.963699], [3.013847, 48.963417], [3.014202, 48.963058], [3.014389, 48.962887], [3.014624, 48.962681], [3.01498, 48.962387], [3.015241, 48.962189], [3.015524, 48.961983], [3.015879, 48.961746], [3.016192, 48.961552], [3.016412, 48.961418], [3.016868, 48.961166], [3.017342, 48.96093], [3.017987, 48.960636], [3.018578, 48.960396], [3.019319, 48.960133], [3.019921, 48.959946], [3.020666, 48.959743], [3.021327, 48.959595], [3.021867, 48.959488], [3.022794, 48.959347], [3.023386, 48.959274], [3.023867, 48.959232], [3.024721, 48.95919], [3.025354, 48.959179], [3.025354, 48.959179], [3.026114, 48.959183], [3.054421, 48.959492], [3.055152, 48.959492], [3.056113, 48.959465], [3.056692, 48.959423], [3.057331, 48.959362], [3.05794, 48.959286], [3.058672, 48.959164], [3.059375, 48.959026], [3.07155, 48.956425], [3.072941, 48.956139], [3.074012, 48.955952], [3.07489, 48.955807], [3.08441, 48.954288], [3.085159, 48.954189], [3.085479, 48.954155], [3.086264, 48.95409], [3.087309, 48.954037], [3.092683, 48.953827], [3.093136, 48.953804], [3.093892, 48.953747], [3.094658, 48.953678], [3.095446, 48.95359], [3.096166, 48.953499], [3.104291, 48.95237], [3.10536, 48.952209], [3.106255, 48.952053], [3.106772, 48.951954], [3.110638, 48.951183], [3.111696, 48.950981], [3.112765, 48.950806], [3.113539, 48.95071], [3.114218, 48.950642], [3.114648, 48.950611], [3.114981, 48.950588], [3.115692, 48.950554], [3.119147, 48.950478], [3.120004, 48.950466], [3.120888, 48.95047], [3.121572, 48.950497], [3.122188, 48.950531], [3.12311, 48.950603], [3.124298, 48.950741], [3.124832, 48.950825], [3.125724, 48.950985], [3.125724, 48.950985], [3.126326, 48.951111], [3.126924, 48.951252], [3.127514, 48.951405], [3.127892, 48.951515], [3.128572, 48.951725], [3.128913, 48.951839], [3.129439, 48.952026], [3.129868, 48.952187], [3.130292, 48.952358], [3.131065, 48.952698], [3.131419, 48.952866], [3.132233, 48.953285], [3.132801, 48.953609], [3.133141, 48.953819], [3.133952, 48.954361], [3.134657, 48.954903], [3.135104, 48.955276], [3.135662, 48.955788], [3.135914, 48.956039], [3.136316, 48.95647], [3.136515, 48.956696], [3.136839, 48.957092], [3.139489, 48.960476], [3.140764, 48.962086], [3.141063, 48.962433], [3.141582, 48.963001], [3.142272, 48.963692], [3.14296, 48.964317], [3.143709, 48.964943], [3.144205, 48.965324], [3.144827, 48.965778], [3.14529, 48.966095], [3.145635, 48.966324], [3.146369, 48.966778], [3.146902, 48.967094], [3.147466, 48.967407], [3.148335, 48.967857], [3.151939, 48.969654], [3.15217, 48.969776], [3.152712, 48.970074], [3.153317, 48.970425], [3.153949, 48.970833], [3.154348, 48.971104], [3.154663, 48.971336], [3.155236, 48.971775], [3.155684, 48.972149], [3.156128, 48.972549], [3.1563, 48.972713], [3.15665, 48.973064], [3.157132, 48.973587], [3.15828, 48.974911], [3.159389, 48.976173], [3.159767, 48.976582], [3.160244, 48.977051], [3.160633, 48.977398], [3.161223, 48.977886], [3.16167, 48.978222], [3.162188, 48.978573], [3.162451, 48.978737], [3.162871, 48.978985], [3.16338, 48.979256], [3.163655, 48.979393], [3.164544, 48.979801], [3.166302, 48.980537], [3.167513, 48.981022], [3.167967, 48.98119], [3.168322, 48.981312], [3.169014, 48.981529], [3.169675, 48.981716], [3.170031, 48.981804], [3.170672, 48.981949], [3.171107, 48.98204], [3.171758, 48.982155], [3.172239, 48.982227], [3.172877, 48.982311], [3.173646, 48.982388], [3.174618, 48.982449], [3.175292, 48.982468], [3.175957, 48.982471], [3.176556, 48.98246], [3.177231, 48.982433], [3.177711, 48.982399], [3.178499, 48.982327], [3.179472, 48.982193], [3.180648, 48.981976], [3.183283, 48.981426], [3.198249, 48.978291], [3.199655, 48.977985], [3.211982, 48.975399], [3.214643, 48.97485], [3.216505, 48.974457], [3.217111, 48.974339], [3.217646, 48.974247], [3.218232, 48.974159], [3.218767, 48.974094], [3.219368, 48.97403], [3.219981, 48.973976], [3.219981, 48.973976], [3.220572, 48.973934], [3.221177, 48.9739], [3.221793, 48.973881], [3.222543, 48.973877], [3.222954, 48.973881], [3.223665, 48.9739], [3.225935, 48.973988], [3.226617, 48.974007], [3.227464, 48.97401], [3.22786, 48.974003], [3.228288, 48.973991], [3.229026, 48.973953], [3.229807, 48.973896], [3.231044, 48.973763], [3.231776, 48.97366], [3.232493, 48.973541], [3.232892, 48.973465], [3.233911, 48.973251], [3.234279, 48.973164], [3.235026, 48.972965], [3.235739, 48.972759], [3.236144, 48.972633], [3.236907, 48.972378], [3.237653, 48.972095], [3.237996, 48.971958], [3.238375, 48.971802], [3.239121, 48.971462], [3.239864, 48.971092], [3.240148, 48.970943], [3.240686, 48.970638], [3.24123, 48.970314], [3.241932, 48.969856], [3.242313, 48.969589], [3.242955, 48.969105], [3.243331, 48.968796], [3.243778, 48.968403], [3.244228, 48.967972], [3.244796, 48.967377], [3.247006, 48.964943], [3.256682, 48.954239], [3.257065, 48.953823], [3.257425, 48.953453], [3.257816, 48.953087], [3.258269, 48.95269], [3.258633, 48.952412], [3.259115, 48.952068], [3.259368, 48.9519], [3.259846, 48.951603], [3.260357, 48.951313], [3.260886, 48.951038], [3.261431, 48.950783], [3.261995, 48.950542], [3.262616, 48.950302], [3.263214, 48.950092], [3.263912, 48.949879], [3.264548, 48.949711], [3.265183, 48.949566], [3.265836, 48.94944], [3.266484, 48.949333], [3.267145, 48.949245], [3.26783, 48.949173], [3.268667, 48.94912], [3.269504, 48.949093], [3.270166, 48.949097], [3.270471, 48.949104], [3.271409, 48.949154], [3.272183, 48.949226], [3.272834, 48.949306], [3.273167, 48.949356], [3.273808, 48.949471], [3.274451, 48.949596], [3.274778, 48.949669], [3.275414, 48.949841], [3.276326, 48.950119], [3.27722, 48.950439], [3.277845, 48.950695], [3.278397, 48.950943], [3.278621, 48.951054], [3.279157, 48.951328], [3.279667, 48.951618], [3.280128, 48.9519], [3.280612, 48.952229], [3.280838, 48.952396], [3.281276, 48.952744], [3.281869, 48.953262], [3.282211, 48.953606], [3.282421, 48.953831], [3.282656, 48.954102], [3.283018, 48.954552], [3.283278, 48.954922], [3.283396, 48.955105], [3.283617, 48.955479], [3.283822, 48.955872], [3.28391, 48.956059], [3.284071, 48.956444], [3.284262, 48.957035], [3.284319, 48.957256], [3.284403, 48.957703], [3.284436, 48.957924], [3.284487, 48.958382], [3.284561, 48.959213], [3.284621, 48.959713], [3.284656, 48.959927], [3.284702, 48.96014], [3.284753, 48.960354], [3.284816, 48.960571], [3.284965, 48.961014], [3.285146, 48.961437], [3.285241, 48.961632], [3.285345, 48.961823], [3.285643, 48.962318], [3.285867, 48.962646], [3.286211, 48.963085], [3.286451, 48.963364], [3.286876, 48.963806], [3.287195, 48.9641], [3.287605, 48.964455], [3.287905, 48.964687], [3.288203, 48.964905], [3.288514, 48.965118], [3.289007, 48.965427], [3.289607, 48.965767], [3.290057, 48.965992], [3.290609, 48.966251], [3.290895, 48.966373], [3.291183, 48.966488], [3.291766, 48.966705], [3.292375, 48.966908], [3.292992, 48.967087], [3.293638, 48.967251], [3.294267, 48.967388], [3.295008, 48.967522], [3.295563, 48.967606], [3.29623, 48.967678], [3.296902, 48.967731], [3.297574, 48.96777], [3.29903, 48.967831], [3.32095, 48.9687], [3.322719, 48.968765], [3.322719, 48.968765], [3.326313, 48.968906], [3.327559, 48.968987], [3.328584, 48.96909], [3.329116, 48.969158], [3.329912, 48.96928], [3.330554, 48.969398], [3.331627, 48.969631], [3.332459, 48.969841], [3.333251, 48.97007], [3.333813, 48.970253], [3.334355, 48.97044], [3.335228, 48.970779], [3.336018, 48.971115], [3.336614, 48.971401], [3.337197, 48.971699], [3.344133, 48.975471], [3.34528, 48.976101], [3.345975, 48.976513], [3.346274, 48.976704], [3.34696, 48.977196], [3.347376, 48.977535], [3.347774, 48.977898], [3.348145, 48.978268], [3.348317, 48.978455], [3.348526, 48.978699], [3.348753, 48.978981], [3.349085, 48.97945], [3.349282, 48.979759], [3.349553, 48.98027], [3.349659, 48.980503], [3.349864, 48.981022], [3.349987, 48.981396], [3.350295, 48.982433], [3.350442, 48.982861], [3.350602, 48.983269], [3.350832, 48.983734], [3.350948, 48.983944], [3.351091, 48.984184], [3.351252, 48.984421], [3.351503, 48.984764], [3.35182, 48.985157], [3.352169, 48.985542], [3.352382, 48.985756], [3.352606, 48.985973], [3.352946, 48.986271], [3.353375, 48.986618], [3.353601, 48.986782], [3.353832, 48.98695], [3.354261, 48.987232], [3.354716, 48.987507], [3.354948, 48.987633], [3.355185, 48.987762], [3.355675, 48.988007], [3.356461, 48.988369], [3.357095, 48.98864], [3.361693, 48.990692], [3.364462, 48.991913], [3.364462, 48.991913], [3.375658, 48.996864], [3.376467, 48.997242], [3.376878, 48.997448], [3.377408, 48.997726], [3.378168, 48.998169], [3.378924, 48.99865], [3.37959, 48.999115], [3.37984, 48.999302], [3.380222, 48.999599], [3.380783, 49.000072], [3.380983, 49.000256], [3.381466, 49.000721], [3.381735, 49.001003], [3.381982, 49.001278], [3.382318, 49.001671], [3.382596, 49.002022], [3.382873, 49.002407], [3.383195, 49.002895], [3.383488, 49.003395], [3.383782, 49.003963], [3.383948, 49.004307], [3.396137, 49.030834], [3.396396, 49.031345], [3.396539, 49.031605], [3.396693, 49.03186], [3.396983, 49.032288], [3.397218, 49.032597], [3.397627, 49.033066], [3.398023, 49.033459], [3.39844, 49.033844], [3.39888, 49.034203], [3.399513, 49.034672], [3.400087, 49.035027], [3.400443, 49.035233], [3.401, 49.035511], [3.40198, 49.035923], [3.402983, 49.036312], [3.403302, 49.036423], [3.40405, 49.036644], [3.404811, 49.036842], [3.409397, 49.037964]]}, "properties": {"id": "transilien-p", "branchId": "transilien-p::2", "termini": "Gare de l'Est - Château-Thierry", "source": "Ile-de-France Mobilites GTFS (data.iledefrance-mobilites.fr), Mobility License"}}, {"type": "Feature", "geometry": {"type": "LineString", "coordinates": [[3.120746, 49.179726], [3.119591, 49.179596], [3.118868, 49.179489], [3.118517, 49.179428], [3.1173, 49.179192], [3.116526, 49.179005], [3.116089, 49.178871], [3.115821, 49.178783], [3.115235, 49.178562], [3.115016, 49.178471], [3.114719, 49.178329], [3.114438, 49.178185], [3.114061, 49.177979], [3.113636, 49.177723], [3.113035, 49.177296], [3.112705, 49.177078], [3.11243, 49.176884], [3.111951, 49.176506], [3.111579, 49.176155], [3.111285, 49.175838], [3.111032, 49.175522], [3.109677, 49.173676], [3.109462, 49.173405], [3.109235, 49.173141], [3.108935, 49.172836], [3.108615, 49.172535], [3.108153, 49.172146], [3.10782, 49.17189], [3.107353, 49.171566], [3.104578, 49.169689], [3.103873, 49.169239], [3.103476, 49.169003], [3.102613, 49.168537], [3.099852, 49.167084], [3.099064, 49.166679], [3.096862, 49.165489], [3.096567, 49.165325], [3.096209, 49.165104], [3.095752, 49.164803], [3.095278, 49.164452], [3.094978, 49.164207], [3.094623, 49.163898], [3.094392, 49.163681], [3.094144, 49.163433], [3.093917, 49.163185], [3.093731, 49.162971], [3.09348, 49.162659], [3.093278, 49.16238], [3.092781, 49.161644], [3.092421, 49.161087], [3.090496, 49.158184], [3.090213, 49.157787], [3.08975, 49.157108], [3.089146, 49.156242], [3.08878, 49.155693], [3.087629, 49.153778], [3.087103, 49.152924], [3.086874, 49.152554], [3.086499, 49.151974], [3.086041, 49.151375], [3.085591, 49.150826], [3.082987, 49.147854], [3.081345, 49.145958], [3.077524, 49.141567], [3.077305, 49.141296], [3.077118, 49.141056], [3.076858, 49.140671], [3.07661, 49.140236], [3.076492, 49.140003], [3.076376, 49.13974], [3.076271, 49.139477], [3.076202, 49.139271], [3.076139, 49.139065], [3.076075, 49.138802], [3.076025, 49.138546], [3.075953, 49.138023], [3.075572, 49.134647], [3.075572, 49.134647], [3.075118, 49.130642], [3.075069, 49.130287], [3.074954, 49.129608], [3.074884, 49.129257], [3.074689, 49.12838], [3.074492, 49.127644], [3.074212, 49.126781], [3.07396, 49.126053], [3.073513, 49.124939], [3.073204, 49.124237], [3.072728, 49.12326], [3.072123, 49.122173], [3.071211, 49.120735], [3.070672, 49.119953], [3.070417, 49.119606], [3.064449, 49.111889], [3.059952, 49.106094], [3.059777, 49.105854], [3.059612, 49.105618], [3.059289, 49.105114], [3.059021, 49.104633], [3.058853, 49.104301], [3.05865, 49.10384], [3.058387, 49.103081], [3.058254, 49.102642], [3.058222, 49.102505], [3.058108, 49.101864], [3.058057, 49.101444], [3.058022, 49.100807], [3.058025, 49.10038], [3.058038, 49.100109], [3.058059, 49.09985], [3.058129, 49.099308], [3.058254, 49.098682], [3.058394, 49.098141], [3.058493, 49.097828], [3.058674, 49.097321], [3.058918, 49.096748], [3.059101, 49.096375], [3.059223, 49.096146], [3.059351, 49.095913], [3.059611, 49.09549], [3.059909, 49.095047], [3.060053, 49.094849], [3.060442, 49.094341], [3.060709, 49.094028], [3.060988, 49.093712], [3.062692, 49.091915], [3.062692, 49.091915], [3.064454, 49.090054], [3.064884, 49.089577], [3.065084, 49.089333], [3.065304, 49.089046], [3.065525, 49.088722], [3.065694, 49.088451], [3.06582, 49.08823], [3.065982, 49.087917], [3.066172, 49.087486], [3.066274, 49.087208], [3.066368, 49.086922], [3.066483, 49.086475], [3.066537, 49.086189], [3.066573, 49.085957], [3.066612, 49.085537], [3.066618, 49.08532], [3.066613, 49.084915], [3.066581, 49.084511], [3.066525, 49.084133], [3.066467, 49.083843], [3.066331, 49.083355], [3.066263, 49.083149], [3.066062, 49.082653], [3.065944, 49.082405], [3.065707, 49.081951], [3.062016, 49.075279], [3.061208, 49.073795], [3.060942, 49.073265], [3.06071, 49.072708], [3.060561, 49.072289], [3.060437, 49.071896], [3.060325, 49.071468], [3.060275, 49.071236], [3.060198, 49.070797], [3.059942, 49.068901], [3.059575, 49.066277], [3.059349, 49.064522], [3.059149, 49.063301], [3.059063, 49.062836], [3.058837, 49.061863], [3.058647, 49.06115], [3.058477, 49.060543], [3.058306, 49.05999], [3.058024, 49.059185], [3.057993, 49.059116], [3.057831, 49.058666], [3.057635, 49.05817], [3.057186, 49.057144], [3.056882, 49.056507], [3.056637, 49.056023], [3.054563, 49.052052], [3.054413, 49.051739], [3.054163, 49.05117], [3.054063, 49.050922], [3.053792, 49.050156], [3.053635, 49.049641], [3.053487, 49.049061], [3.053381, 49.048565], [3.053332, 49.048267], [3.053242, 49.047493], [3.053213, 49.047077], [3.052923, 49.040901], [3.0528, 49.03809], [3.05273, 49.036861], [3.052669, 49.036335], [3.05258, 49.035908], [3.052488, 49.035564], [3.052381, 49.035244], [3.052284, 49.034992], [3.052084, 49.03455], [3.051853, 49.034122], [3.051606, 49.033722], [3.051304, 49.033298], [3.051094, 49.033031], [3.0509, 49.032806], [3.050505, 49.032387], [3.050055, 49.031963], [3.049799, 49.031746], [3.049357, 49.031395], [3.049139, 49.031235], [3.048687, 49.030926], [3.048196, 49.030624], [3.047456, 49.030216], [3.031818, 49.021767], [3.031818, 49.021767], [3.025094, 49.018139], [3.024347, 49.017723], [3.023824, 49.017399], [3.023505, 49.017181], [3.023226, 49.016972], [3.023033, 49.016815], [3.02271, 49.016533], [3.022569, 49.016399], [3.022268, 49.016083], [3.021956, 49.01572], [3.02165, 49.015308], [3.021387, 49.014908], [3.017148, 49.008152], [3.014163, 49.003376], [3.013927, 49.003014], [3.013639, 49.002613], [3.013305, 49.002197], [3.012943, 49.001789], [3.012534, 49.001366], [3.012351, 49.001194], [3.011818, 49.000725], [3.011514, 49.000481], [3.010994, 49.000092], [3.01049, 48.999752], [3.010191, 48.999561], [3.009538, 48.999176], [3.008769, 48.998772], [3.007163, 48.99802], [3.007163, 48.99802], [2.995661, 48.992672], [2.994918, 48.99234], [2.994436, 48.992138], [2.994177, 48.992039], [2.993724, 48.991882], [2.99319, 48.991722], [2.992802, 48.991619], [2.991876, 48.991413], [2.989199, 48.990887], [2.988641, 48.990757], [2.988406, 48.990692], [2.987777, 48.990505], [2.987291, 48.990337], [2.987008, 48.990231], [2.986655, 48.990086], [2.98635, 48.989952], [2.98595, 48.989758], [2.985567, 48.989555], [2.985045, 48.989246], [2.984646, 48.988979], [2.984375, 48.988777], [2.984046, 48.988518], [2.983792, 48.988297], [2.983666, 48.988178], [2.983485, 48.987999], [2.983249, 48.987747], [2.982934, 48.987373], [2.982692, 48.987053], [2.982328, 48.986546], [2.981828, 48.985828], [2.98163, 48.985512], [2.981482, 48.985245], [2.981291, 48.984833], [2.981234, 48.984695], [2.981128, 48.984386], [2.981057, 48.984142], [2.980991, 48.983856], [2.980933, 48.983475], [2.980911, 48.983051], [2.980917, 48.9827], [2.980942, 48.982327], [2.981019, 48.981491], [2.981043, 48.981071], [2.981035, 48.980671], [2.980993, 48.980221], [2.980961, 48.980042], [2.980913, 48.979832], [2.980799, 48.979443], [2.980717, 48.97921], [2.980618, 48.978966], [2.980485, 48.97868], [2.980382, 48.978481], [2.980151, 48.9781], [2.980004, 48.977894], [2.979701, 48.977497], [2.979534, 48.977306], [2.979205, 48.976959], [2.979074, 48.976833], [2.978721, 48.976521], [2.97835, 48.976227], [2.977844, 48.975872], [2.977634, 48.975739], [2.97719, 48.975475], [2.973758, 48.973633], [2.973136, 48.973282], [2.972436, 48.972828], [2.971799, 48.972351], [2.971281, 48.971901], [2.970035, 48.97065], [2.969279, 48.969902], [2.968988, 48.969627], [2.967905, 48.968628], [2.967547, 48.968285], [2.963913, 48.964607], [2.963351, 48.964054], [2.963013, 48.963749], [2.962747, 48.96352], [2.962292, 48.963173], [2.961856, 48.962872], [2.961497, 48.96265], [2.960996, 48.96236], [2.960397, 48.962048], [2.959765, 48.961754], [2.959146, 48.961498], [2.958589, 48.961288], [2.95792, 48.961071], [2.957521, 48.960953], [2.956853, 48.960777], [2.95656, 48.960712], [2.955916, 48.960579], [2.955313, 48.960476], [2.954815, 48.960407], [2.954265, 48.960346], [2.953386, 48.960278], [2.952405, 48.960243], [2.949637, 48.960205], [2.949637, 48.960205], [2.934082, 48.960003], [2.933438, 48.960003], [2.932646, 48.960018], [2.931848, 48.960049], [2.931018, 48.960094], [2.930105, 48.960163], [2.928799, 48.960281], [2.905172, 48.962521], [2.897942, 48.963196], [2.896307, 48.96336], [2.886329, 48.964302], [2.885274, 48.964394], [2.88434, 48.964443], [2.883759, 48.964443], [2.883261, 48.964424], [2.88277, 48.964394], [2.882327, 48.964344], [2.881794, 48.964272], [2.881531, 48.96423], [2.881008, 48.964127], [2.880505, 48.964005], [2.879992, 48.963863], [2.879524, 48.963711], [2.879274, 48.963615], [2.878664, 48.963371], [2.878378, 48.963242], [2.877842, 48.962975], [2.87746, 48.962761], [2.877116, 48.962547], [2.876712, 48.962284], [2.876369, 48.962029], [2.87604, 48.961769], [2.875708, 48.961475], [2.87541, 48.961185], [2.875052, 48.960796], [2.874821, 48.96051], [2.874698, 48.960339], [2.874479, 48.960011], [2.874237, 48.959595], [2.874164, 48.95945], [2.874055, 48.959209], [2.873958, 48.958965], [2.87376, 48.958328], [2.873508, 48.957352], [2.873508, 48.957352], [2.872373, 48.952793], [2.871763, 48.95031], [2.870894, 48.946888], [2.870752, 48.946362], [2.870575, 48.945869], [2.870453, 48.945568], [2.870367, 48.945374], [2.870172, 48.944984], [2.870072, 48.944805], [2.869914, 48.944542], [2.869691, 48.944218], [2.869396, 48.943821], [2.869203, 48.943592], [2.868878, 48.94323], [2.86848, 48.942844], [2.868119, 48.94252], [2.867759, 48.942223], [2.858696, 48.934906], [2.858231, 48.934521], [2.857827, 48.934166], [2.857632, 48.933983], [2.85728, 48.933624], [2.857098, 48.933422], [2.856769, 48.933025], [2.8563, 48.9324], [2.85611, 48.932137], [2.855535, 48.93137], [2.849622, 48.923355], [2.849302, 48.922901], [2.848757, 48.92218], [2.845407, 48.917637], [2.844913, 48.916992], [2.844615, 48.916626], [2.844306, 48.916267], [2.84384, 48.91576], [2.843433, 48.915344], [2.842989, 48.914921], [2.842516, 48.914497], [2.841758, 48.913872], [2.841241, 48.913475], [2.8406, 48.913017], [2.839986, 48.912605], [2.83928, 48.912159], [2.838681, 48.9118], [2.838069, 48.911465], [2.837446, 48.911137], [2.836807, 48.91082], [2.835847, 48.910385], [2.835009, 48.910038], [2.834124, 48.909695], [2.833421, 48.909439], [2.831644, 48.908817], [2.828921, 48.907841], [2.82821, 48.907604], [2.827451, 48.907368], [2.826637, 48.907135], [2.826133, 48.907001], [2.825444, 48.90683], [2.817394, 48.904827], [2.814013, 48.903996], [2.810668, 48.90316], [2.810668, 48.90316], [2.798304, 48.900093], [2.797676, 48.899948], [2.797337, 48.899879], [2.796792, 48.89978], [2.796137, 48.899689], [2.795543, 48.89962], [2.795189, 48.89959], [2.794312, 48.89954], [2.794032, 48.899529], [2.79339, 48.899521], [2.79279, 48.899536], [2.792207, 48.899563], [2.79143, 48.899628], [2.790829, 48.899696], [2.790191, 48.899792], [2.788468, 48.900085], [2.785413, 48.900635], [2.782128, 48.901215], [2.781472, 48.901325], [2.780859, 48.901417], [2.780375, 48.901474], [2.77949, 48.901558], [2.778837, 48.9016], [2.778147, 48.901623], [2.777672, 48.901627], [2.776731, 48.901608], [2.776014, 48.901569], [2.775648, 48.901543], [2.774861, 48.901463], [2.773941, 48.901344], [2.773082, 48.901215], [2.772293, 48.901081], [2.770571, 48.900764], [2.769791, 48.900608], [2.768198, 48.900238], [2.766476, 48.899784], [2.765371, 48.899452], [2.764826, 48.899277], [2.764276, 48.899086], [2.763749, 48.898884], [2.763196, 48.898643], [2.762644, 48.89838], [2.762388, 48.898247], [2.761878, 48.897964], [2.761372, 48.897652], [2.760917, 48.897343], [2.760461, 48.897003], [2.760042, 48.896652], [2.759844, 48.896473], [2.759413, 48.896049], [2.759115, 48.895718], [2.758954, 48.895527], [2.758804, 48.895336], [2.758529, 48.894951], [2.758402, 48.894756], [2.758273, 48.894539], [2.75805, 48.894123], [2.757945, 48.893906], [2.757845, 48.893681], [2.757687, 48.893291], [2.757086, 48.891727], [2.756916, 48.891304], [2.756718, 48.890877], [2.756605, 48.890663], [2.756374, 48.890266], [2.756224, 48.890041], [2.755942, 48.889645], [2.755618, 48.889248], [2.755271, 48.888863], [2.755118, 48.88871], [2.754726, 48.888344], [2.754318, 48.888], [2.754091, 48.887821], [2.753635, 48.887493], [2.753405, 48.887337], [2.752915, 48.887028], [2.752658, 48.886879], [2.752149, 48.8866], [2.751607, 48.886337], [2.75104, 48.886086], [2.750454, 48.885857], [2.750011, 48.885696], [2.749377, 48.885494], [2.748851, 48.885345], [2.748321, 48.885212], [2.747681, 48.885075], [2.747346, 48.88501], [2.746686, 48.884903], [2.746042, 48.884819], [2.745366, 48.884754], [2.744124, 48.884663], [2.737011, 48.884205], [2.705957, 48.882172], [2.705957, 48.882172], [2.70169, 48.881893], [2.696451, 48.881573], [2.693854, 48.881382], [2.692822, 48.881294], [2.692066, 48.881214], [2.690511, 48.88102], [2.689733, 48.880905], [2.688885, 48.880768], [2.686344, 48.880322], [2.685514, 48.880169], [2.684518, 48.879959], [2.674368, 48.877583], [2.673555, 48.877399], [2.672728, 48.877224], [2.671732, 48.877048], [2.670525, 48.876865], [2.669564, 48.876743], [2.668483, 48.87664], [2.667447, 48.876572], [2.666616, 48.876526], [2.654012, 48.875946], [2.648747, 48.875687], [2.646584, 48.875587], [2.645041, 48.875507], [2.642851, 48.87537], [2.638883, 48.875179], [2.638883, 48.875179], [2.631194, 48.874828], [2.630575, 48.874809], [2.62764, 48.874744], [2.624725, 48.874638], [2.61702, 48.874287], [2.616825, 48.874226], [2.615894, 48.874176], [2.613381, 48.874065], [2.599888, 48.873436], [2.597973, 48.873363], [2.597285, 48.873341], [2.596122, 48.873322], [2.594759, 48.87331], [2.593701, 48.873318], [2.592713, 48.873341], [2.591366, 48.873402], [2.589341, 48.873535], [2.587865, 48.87365], [2.586212, 48.873798], [2.583231, 48.874088], [2.583231, 48.874088], [2.579978, 48.874397], [2.576578, 48.87476], [2.573961, 48.875011], [2.55828, 48.876598], [2.553139, 48.877106], [2.553139, 48.877106], [2.548075, 48.877625], [2.544263, 48.877983], [2.543627, 48.878056], [2.54239, 48.878216], [2.54173, 48.878315], [2.540684, 48.878494], [2.539823, 48.878658], [2.538466, 48.878944], [2.537633, 48.879147], [2.536317, 48.87949], [2.535046, 48.879875], [2.534042, 48.880211], [2.533084, 48.880566], [2.531834, 48.881077], [2.531134, 48.881351], [2.530289, 48.88166], [2.529788, 48.881851], [2.527186, 48.882957], [2.525374, 48.883698], [2.525374, 48.883698], [2.521357, 48.885334], [2.520091, 48.885876], [2.519582, 48.886101], [2.518695, 48.886517], [2.518204, 48.886734], [2.516908, 48.887283], [2.51314, 48.888844], [2.512587, 48.88905], [2.512009, 48.88924], [2.512009, 48.88924], [2.511316, 48.889427], [2.510444, 48.889629], [2.509978, 48.889725], [2.50918, 48.88987], [2.508229, 48.890022], [2.489482, 48.892612], [2.485289, 48.893177], [2.482127, 48.893581], [2.480711, 48.893772], [2.479374, 48.893963], [2.479374, 48.893963], [2.478148, 48.894138], [2.477721, 48.894192], [2.477051, 48.894245], [2.476557, 48.894268], [2.475546, 48.894272], [2.472782, 48.894203], [2.471913, 48.894222], [2.471272, 48.894268], [2.470965, 48.894299], [2.470231, 48.894398], [2.469612, 48.894508], [2.469035, 48.894642], [2.468644, 48.894745], [2.468171, 48.894886], [2.465743, 48.895706], [2.4652, 48.895866], [2.46463, 48.896008], [2.464044, 48.896133], [2.463259, 48.896267], [2.462653, 48.896355], [2.462182, 48.896416], [2.461691, 48.896469], [2.461034, 48.896523], [2.460366, 48.896553], [2.458668, 48.896561], [2.458668, 48.896561], [2.454866, 48.896572], [2.454205, 48.896568], [2.453174, 48.896542], [2.450081, 48.896435], [2.447271, 48.896271], [2.446477, 48.896244], [2.445652, 48.89624], [2.444793, 48.896244], [2.442816, 48.896271], [2.44209, 48.896297], [2.441424, 48.896351], [2.441042, 48.896397], [2.440684, 48.89645], [2.440135, 48.896549], [2.439654, 48.896656], [2.439003, 48.896828], [2.437805, 48.897217], [2.437175, 48.897434], [2.436534, 48.897644], [2.434352, 48.898312], [2.433899, 48.89843], [2.433236, 48.898575], [2.43258, 48.898685], [2.43213, 48.898743], [2.431665, 48.898788], [2.430969, 48.898838], [2.430225, 48.898849], [2.429248, 48.89883], [2.417594, 48.898495], [2.417006, 48.898487], [2.416357, 48.898502], [2.415426, 48.898548], [2.413996, 48.89864], [2.413558, 48.898651], [2.412867, 48.898663], [2.40925, 48.898613], [2.406027, 48.898518], [2.405172, 48.898476], [2.404305, 48.898418], [2.401914, 48.89822], [2.401914, 48.89822], [2.398995, 48.897984], [2.398055, 48.897926], [2.397734, 48.897919], [2.395425, 48.8979], [2.391662, 48.897823], [2.391032, 48.89782], [2.384912, 48.897854], [2.383882, 48.897839], [2.380124, 48.89769], [2.379007, 48.897633], [2.378047, 48.897537], [2.377585, 48.897476], [2.376912, 48.897362], [2.376568, 48.897289], [2.37604, 48.897167], [2.374922, 48.896877], [2.374101, 48.896648], [2.37356, 48.896481], [2.373127, 48.896324], [2.372716, 48.896156], [2.372276, 48.89595], [2.371839, 48.895729], [2.371136, 48.895355], [2.370835, 48.89518], [2.370379, 48.894897], [2.369836, 48.894505], [2.36966, 48.894367], [2.369309, 48.894077], [2.36879, 48.893616], [2.368396, 48.893219], [2.368183, 48.89299], [2.36787, 48.89262], [2.36759, 48.892242], [2.367418, 48.891991], [2.367041, 48.891376], [2.363799, 48.885929], [2.363658, 48.885674], [2.363559, 48.885468], [2.363376, 48.885056], [2.363194, 48.884689], [2.362559, 48.883621], [2.361837, 48.882454], [2.361455, 48.881813], [2.361228, 48.881203], [2.361187, 48.881027], [2.360981, 48.879883], [2.360919, 48.879654], [2.360842, 48.879452], [2.360775, 48.879311], [2.360697, 48.879166], [2.360333, 48.878555]]}, "properties": {"id": "transilien-p", "branchId": "transilien-p::3", "termini": "La Ferté-Milon - Gare de l'Est", "source": "Ile-de-France Mobilites GTFS (data.iledefrance-mobilites.fr), Mobility License"}}, {"type": "Feature", "geometry": {"type": "LineString", "coordinates": [[2.705957, 48.882172], [2.70169, 48.881893], [2.696451, 48.881573], [2.693854, 48.881382], [2.692822, 48.881294], [2.692066, 48.881214], [2.690511, 48.88102], [2.689733, 48.880905], [2.688885, 48.880768], [2.686344, 48.880322], [2.685514, 48.880169], [2.684518, 48.879959], [2.674368, 48.877583], [2.673555, 48.877399], [2.672728, 48.877224], [2.671732, 48.877048], [2.670525, 48.876865], [2.669564, 48.876743], [2.668483, 48.87664], [2.667447, 48.876572], [2.666616, 48.876526], [2.654012, 48.875946], [2.648747, 48.875687], [2.646584, 48.875587], [2.645041, 48.875507], [2.642851, 48.87537], [2.638883, 48.875179], [2.638883, 48.875179], [2.631194, 48.874828], [2.630575, 48.874809], [2.62764, 48.874744], [2.624725, 48.874638], [2.61702, 48.874287], [2.616825, 48.874226], [2.615894, 48.874176], [2.613381, 48.874065], [2.599888, 48.873436], [2.597973, 48.873363], [2.597285, 48.873341], [2.596122, 48.873322], [2.594759, 48.87331], [2.593701, 48.873318], [2.592713, 48.873341], [2.591366, 48.873402], [2.589341, 48.873535], [2.587865, 48.87365], [2.586212, 48.873798], [2.583231, 48.874088], [2.583231, 48.874088], [2.579978, 48.874397], [2.576578, 48.87476], [2.573961, 48.875011], [2.55828, 48.876598], [2.553139, 48.877106], [2.553139, 48.877106], [2.548075, 48.877625], [2.544263, 48.877983], [2.543627, 48.878056], [2.54239, 48.878216], [2.54173, 48.878315], [2.540684, 48.878494], [2.539823, 48.878658], [2.538466, 48.878944], [2.537633, 48.879147], [2.536317, 48.87949], [2.535046, 48.879875], [2.534042, 48.880211], [2.533084, 48.880566], [2.531834, 48.881077], [2.531134, 48.881351], [2.530289, 48.88166], [2.529788, 48.881851], [2.527186, 48.882957], [2.525374, 48.883698], [2.525374, 48.883698], [2.521357, 48.885334], [2.520091, 48.885876], [2.519582, 48.886101], [2.518695, 48.886517], [2.518204, 48.886734], [2.516908, 48.887283], [2.51314, 48.888844], [2.512587, 48.88905], [2.512009, 48.88924], [2.512009, 48.88924], [2.511316, 48.889427], [2.510444, 48.889629], [2.509978, 48.889725], [2.50918, 48.88987], [2.508229, 48.890022], [2.489482, 48.892612], [2.485289, 48.893177], [2.482127, 48.893581], [2.480711, 48.893772], [2.479374, 48.893963], [2.479374, 48.893963], [2.478148, 48.894138], [2.477721, 48.894192], [2.477051, 48.894245], [2.476557, 48.894268], [2.475546, 48.894272], [2.472782, 48.894203], [2.471913, 48.894222], [2.471272, 48.894268], [2.470965, 48.894299], [2.470231, 48.894398], [2.469612, 48.894508], [2.469035, 48.894642], [2.468644, 48.894745], [2.468171, 48.894886], [2.465743, 48.895706], [2.4652, 48.895866], [2.46463, 48.896008], [2.464044, 48.896133], [2.463259, 48.896267], [2.462653, 48.896355], [2.462182, 48.896416], [2.461691, 48.896469], [2.461034, 48.896523], [2.460366, 48.896553], [2.458668, 48.896561], [2.458668, 48.896561], [2.454866, 48.896572], [2.454205, 48.896568], [2.453174, 48.896542], [2.450081, 48.896435], [2.447271, 48.896271], [2.446477, 48.896244], [2.445652, 48.89624], [2.444793, 48.896244], [2.442816, 48.896271], [2.44209, 48.896297], [2.441424, 48.896351], [2.441042, 48.896397], [2.440684, 48.89645], [2.440135, 48.896549], [2.439654, 48.896656], [2.439003, 48.896828], [2.437805, 48.897217], [2.437175, 48.897434], [2.436534, 48.897644], [2.434352, 48.898312], [2.433899, 48.89843], [2.433236, 48.898575], [2.43258, 48.898685], [2.43213, 48.898743], [2.431665, 48.898788], [2.430969, 48.898838], [2.430225, 48.898849], [2.429248, 48.89883], [2.417594, 48.898495], [2.417006, 48.898487], [2.416357, 48.898502], [2.415426, 48.898548], [2.413996, 48.89864], [2.413558, 48.898651], [2.412867, 48.898663], [2.40925, 48.898613], [2.406027, 48.898518], [2.405172, 48.898476], [2.404305, 48.898418], [2.401914, 48.89822], [2.401914, 48.89822], [2.398995, 48.897984], [2.398055, 48.897926], [2.397734, 48.897919], [2.395425, 48.8979], [2.391662, 48.897823], [2.391032, 48.89782], [2.384912, 48.897854], [2.383882, 48.897839], [2.380124, 48.89769], [2.379007, 48.897633], [2.378047, 48.897537], [2.377585, 48.897476], [2.376912, 48.897362], [2.376568, 48.897289], [2.37604, 48.897167], [2.374922, 48.896877], [2.374101, 48.896648], [2.37356, 48.896481], [2.373127, 48.896324], [2.372716, 48.896156], [2.372276, 48.89595], [2.371839, 48.895729], [2.371136, 48.895355], [2.370835, 48.89518], [2.370379, 48.894897], [2.369836, 48.894505], [2.36966, 48.894367], [2.369309, 48.894077], [2.36879, 48.893616], [2.368396, 48.893219], [2.368183, 48.89299], [2.36787, 48.89262], [2.36759, 48.892242], [2.367418, 48.891991], [2.367041, 48.891376], [2.363799, 48.885929], [2.363658, 48.885674], [2.363559, 48.885468], [2.363376, 48.885056], [2.363194, 48.884689], [2.362559, 48.883621], [2.361837, 48.882454], [2.361455, 48.881813], [2.361322, 48.881443], [2.361274, 48.881187], [2.361194, 48.880985], [2.361156, 48.88084], [2.360981, 48.879883], [2.360919, 48.879654], [2.360842, 48.879452], [2.360775, 48.879311], [2.360697, 48.879166], [2.360333, 48.878555]]}, "properties": {"id": "transilien-p", "branchId": "transilien-p::4", "termini": "Lagny - Thorigny - Gare de l'Est", "source": "Ile-de-France Mobilites GTFS (data.iledefrance-mobilites.fr), Mobility License"}}, {"type": "Feature", "geometry": {"type": "Point", "coordinates": [3.302334202203228, 48.55553092379296]}, "properties": {"name": "Provins"}}, {"type": "Feature", "geometry": {"type": "Point", "coordinates": [3.2866300417033125, 48.54520762505785]}, "properties": {"name": "Champbenoist Poigny"}}, {"type": "Feature", "geometry": {"type": "Point", "coordinates": [3.2553403241826864, 48.52915312687445]}, "properties": {"name": "Sainte-Colombe Septveilles"}}, {"type": "Feature", "geometry": {"type": "Point", "coordinates": [3.2501140784117886, 48.513786141275986]}, "properties": {"name": "Longueville"}}, {"type": "Feature", "geometry": {"type": "Point", "coordinates": [3.0121779578254295, 48.5617195064875]}, "properties": {"name": "Nangis"}}, {"type": "Feature", "geometry": {"type": "Point", "coordinates": [2.88807855133882, 48.61409277056721]}, "properties": {"name": "Mormant"}}, {"type": "Feature", "geometry": {"type": "Point", "coordinates": [2.825083962015835, 48.64438940351837]}, "properties": {"name": "Verneuil-l'Étang"}}, {"type": "Feature", "geometry": {"type": "Point", "coordinates": [2.360305141171757, 48.87857171221123]}, "properties": {"name": "Gare de l'Est"}}, {"type": "Feature", "geometry": {"type": "Point", "coordinates": [3.0812613115733436, 48.80805936234078]}, "properties": {"name": "Coulommiers"}}, {"type": "Feature", "geometry": {"type": "Point", "coordinates": [3.0430626039871616, 48.813701725231546]}, "properties": {"name": "Mouroux"}}, {"type": "Feature", "geometry": {"type": "Point", "coordinates": [2.9932738165708552, 48.80853544410162]}, "properties": {"name": "Faremoutiers - Pommeuse"}}, {"type": "Feature", "geometry": {"type": "Point", "coordinates": [2.9538116993768355, 48.81076877713248]}, "properties": {"name": "Guérard - La Celle-sur-Morin"}}, {"type": "Feature", "geometry": {"type": "Point", "coordinates": [2.9074760676708205, 48.789592035371314]}, "properties": {"name": "Mortcerf"}}, {"type": "Feature", "geometry": {"type": "Point", "coordinates": [2.868811725090548, 48.73481854687385]}, "properties": {"name": "Marles-en-Brie"}}, {"type": "Feature", "geometry": {"type": "Point", "coordinates": [2.7589013341652717, 48.739445157221006]}, "properties": {"name": "Tournan"}}, {"type": "Feature", "geometry": {"type": "Point", "coordinates": [2.8733082321502925, 48.9566203252873]}, "properties": {"name": "Meaux"}}, {"type": "Feature", "geometry": {"type": "Point", "coordinates": [2.949685912410061, 48.96016915361593]}, "properties": {"name": "Trilport"}}, {"type": "Feature", "geometry": {"type": "Point", "coordinates": [3.026089283734262, 48.95916631326023]}, "properties": {"name": "Changis - Saint-Jean"}}, {"type": "Feature", "geometry": {"type": "Point", "coordinates": [3.124704606439104, 48.95078183142266]}, "properties": {"name": "La Ferté-sous-Jouarre"}}, {"type": "Feature", "geometry": {"type": "Point", "coordinates": [3.2194260927085296, 48.97400193831618]}, "properties": {"name": "Nanteuil - Saâcy"}}, {"type": "Feature", "geometry": {"type": "Point", "coordinates": [3.3228476502480797, 48.96871609894733]}, "properties": {"name": "Nogent-L'Artaud - Charly"}}, {"type": "Feature", "geometry": {"type": "Point", "coordinates": [3.3644154018991057, 48.99188251331995]}, "properties": {"name": "Chézy-sur-Marne"}}, {"type": "Feature", "geometry": {"type": "Point", "coordinates": [3.409522741444065, 49.037933505433955]}, "properties": {"name": "Château-Thierry"}}, {"type": "Feature", "geometry": {"type": "Point", "coordinates": [3.1206754069517184, 49.17963214095126]}, "properties": {"name": "La Ferté-Milon"}}, {"type": "Feature", "geometry": {"type": "Point", "coordinates": [3.0754989980809686, 49.135381005893805]}, "properties": {"name": "Mareuil-sur-Ourcq"}}, {"type": "Feature", "geometry": {"type": "Point", "coordinates": [3.062669111949777, 49.09189047640195]}, "properties": {"name": "Crouy-sur-Ourcq"}}, {"type": "Feature", "geometry": {"type": "Point", "coordinates": [3.0317831029512066, 49.02172710081919]}, "properties": {"name": "Lizy-sur-Ourcq"}}, {"type": "Feature", "geometry": {"type": "Point", "coordinates": [3.007871639575125, 48.99837487688993]}, "properties": {"name": "Isles - Armentières - Congis"}}, {"type": "Feature", "geometry": {"type": "Point", "coordinates": [2.7059554888008988, 48.8821904179895]}, "properties": {"name": "Lagny - Thorigny"}}, {"type": "Feature", "geometry": {"type": "Point", "coordinates": [2.637705554664271, 48.87517306494243]}, "properties": {"name": "Vaires - Torcy"}}, {"type": "Feature", "geometry": {"type": "Point", "coordinates": [2.5833806594500697, 48.87411948897062]}, "properties": {"name": "Chelles - Gournay"}}]}